Driver,Stint,LapNumber,Compound,TyreLife,LapTimeSeconds,LapStartTime,Time,TrackTemp,AirTemp,Rainfall
HAM,1.0,1.0,MEDIUM,1.0,96.034,0 days 00:58:15.512000,0 days 00:58:05.468000,33.0,16.1,False
PIA,1.0,1.0,MEDIUM,1.0,98.008,0 days 00:58:15.512000,0 days 00:58:05.468000,33.0,16.1,False
SAI,1.0,1.0,MEDIUM,1.0,98.699,0 days 00:58:15.512000,0 days 00:58:05.468000,33.0,16.1,False
HUL,1.0,1.0,MEDIUM,1.0,100.166,0 days 00:58:15.512000,0 days 00:58:05.468000,33.0,16.1,False
VER,1.0,1.0,MEDIUM,1.0,96.711,0 days 00:58:15.512000,0 days 00:58:05.468000,33.0,16.1,False
STR,1.0,1.0,MEDIUM,1.0,99.108,0 days 00:58:15.512000,0 days 00:58:05.468000,33.0,16.1,False
ALO,1.0,1.0,MEDIUM,1.0,100.474,0 days 00:58:15.512000,0 days 00:58:05.468000,33.0,16.1,False
ALB,1.0,1.0,MEDIUM,1.0,101.588,0 days 00:58:15.512000,0 days 00:58:05.468000,33.0,16.1,False
TSU,1.0,1.0,MEDIUM,1.0,101.109,0 days 00:58:15.512000,0 days 00:58:05.468000,33.0,16.1,False
SAR,1.0,1.0,MEDIUM,1.0,101.772,0 days 00:58:15.512000,0 days 00:58:05.468000,33.0,16.1,False
MAG,1.0,1.0,MEDIUM,1.0,103.681,0 days 00:58:15.512000,0 days 00:58:05.468000,33.0,16.1,False
RIC,1.0,1.0,MEDIUM,1.0,102.715,0 days 00:58:15.512000,0 days 00:58:05.468000,33.0,16.1,False
LEC,1.0,1.0,MEDIUM,1.0,99.663,0 days 00:58:15.512000,0 days 00:58:05.468000,33.0,16.1,False
BOT,1.0,1.0,MEDIUM,1.0,104.29,0 days 00:58:15.512000,0 days 00:58:05.468000,33.0,16.1,False
OCO,1.0,1.0,SOFT,1.0,103.052,0 days 00:58:15.512000,0 days 00:58:05.468000,33.0,16.1,False
NOR,1.0,1.0,MEDIUM,1.0,97.347,0 days 00:58:15.512000,0 days 00:58:05.468000,33.0,16.1,False
RUS,1.0,1.0,MEDIUM,1.0,95.211,0 days 00:58:15.512000,0 days 00:58:05.468000,33.0,16.1,False
ZHO,1.0,1.0,SOFT,1.0,102.231,0 days 00:58:15.512000,0 days 00:58:05.468000,33.0,16.1,False
RUS,1.0,2.0,MEDIUM,2.0,91.418,0 days 00:59:50.955000,0 days 01:00:05.467000,33.0,16.2,False
HAM,1.0,2.0,MEDIUM,2.0,91.42,0 days 00:59:51.778000,0 days 01:00:05.467000,33.0,16.2,False
VER,1.0,2.0,MEDIUM,2.0,91.773,0 days 00:59:52.455000,0 days 01:00:05.467000,33.0,16.2,False
NOR,1.0,2.0,MEDIUM,2.0,92.188,0 days 00:59:53.091000,0 days 01:00:05.467000,33.0,16.2,False
PIA,1.0,2.0,MEDIUM,2.0,92.361,0 days 00:59:53.752000,0 days 01:00:05.467000,33.0,16.2,False
SAI,1.0,2.0,MEDIUM,2.0,92.359,0 days 00:59:54.443000,0 days 01:00:05.467000,33.0,16.2,False
STR,1.0,2.0,MEDIUM,2.0,92.683,0 days 00:59:54.852000,0 days 01:00:05.467000,33.0,16.2,False
LEC,1.0,2.0,MEDIUM,2.0,92.858,0 days 00:59:55.407000,0 days 01:00:05.467000,33.0,16.2,False
HUL,1.0,2.0,MEDIUM,2.0,92.844,0 days 00:59:55.910000,0 days 01:00:05.467000,33.0,16.2,False
ALO,1.0,2.0,MEDIUM,2.0,93.202,0 days 00:59:56.218000,0 days 01:00:05.467000,33.0,16.2,False
TSU,1.0,2.0,MEDIUM,2.0,93.214,0 days 00:59:56.853000,0 days 01:00:05.467000,33.0,16.2,False
ALB,1.0,2.0,MEDIUM,2.0,93.158,0 days 00:59:57.332000,0 days 01:00:05.467000,33.0,16.2,False
SAR,1.0,2.0,MEDIUM,2.0,93.435,0 days 00:59:57.516000,0 days 01:00:05.467000,33.0,16.2,False
ZHO,1.0,2.0,SOFT,2.0,93.563,0 days 00:59:57.975000,0 days 01:00:05.467000,33.0,16.2,False
RIC,1.0,2.0,MEDIUM,2.0,93.709,0 days 00:59:58.459000,0 days 01:00:05.467000,33.0,16.2,False
OCO,1.0,2.0,SOFT,2.0,93.846,0 days 00:59:58.796000,0 days 01:00:05.467000,33.0,16.2,False
MAG,1.0,2.0,MEDIUM,2.0,94.216,0 days 00:59:59.425000,0 days 01:00:05.467000,33.0,16.2,False
BOT,1.0,2.0,MEDIUM,2.0,95.368,0 days 01:00:00.034000,0 days 01:00:05.467000,33.0,16.2,False
PER,1.0,2.0,HARD,2.0,92.942,0 days 01:00:05.202000,0 days 01:00:05.467000,33.0,16.2,False
RUS,1.0,3.0,MEDIUM,3.0,91.298,0 days 01:01:22.373000,0 days 01:01:05.476000,33.0,16.3,False
HAM,1.0,3.0,MEDIUM,3.0,91.716,0 days 01:01:23.198000,0 days 01:01:05.476000,33.0,16.3,False
VER,1.0,3.0,MEDIUM,3.0,92.2,0 days 01:01:24.228000,0 days 01:01:05.476000,33.0,16.3,False
NOR,1.0,3.0,MEDIUM,3.0,91.991,0 days 01:01:25.279000,0 days 01:01:05.476000,33.0,16.3,False
PIA,1.0,3.0,MEDIUM,3.0,91.927,0 days 01:01:26.113000,0 days 01:01:05.476000,33.0,16.3,False
SAI,1.0,3.0,MEDIUM,3.0,92.102,0 days 01:01:26.802000,0 days 01:01:05.476000,33.0,16.3,False
STR,1.0,3.0,MEDIUM,3.0,92.307,0 days 01:01:27.535000,0 days 01:01:05.476000,33.0,16.3,False
LEC,1.0,3.0,MEDIUM,3.0,92.369,0 days 01:01:28.265000,0 days 01:01:05.476000,33.0,16.3,False
HUL,1.0,3.0,MEDIUM,3.0,92.605,0 days 01:01:28.754000,0 days 01:01:05.476000,33.0,16.3,False
ALO,1.0,3.0,MEDIUM,3.0,92.951,0 days 01:01:29.420000,0 days 01:01:05.476000,33.0,16.3,False
TSU,1.0,3.0,MEDIUM,3.0,93.062,0 days 01:01:30.067000,0 days 01:01:05.476000,33.0,16.3,False
ALB,1.0,3.0,MEDIUM,3.0,93.373,0 days 01:01:30.490000,0 days 01:01:05.476000,33.0,16.3,False
SAR,1.0,3.0,MEDIUM,3.0,93.319,0 days 01:01:30.951000,0 days 01:01:05.476000,33.0,16.3,False
ZHO,1.0,3.0,SOFT,3.0,93.487,0 days 01:01:31.538000,0 days 01:01:05.476000,33.0,16.3,False
RIC,1.0,3.0,MEDIUM,3.0,93.429,0 days 01:01:32.168000,0 days 01:01:05.476000,33.0,16.3,False
OCO,1.0,3.0,SOFT,3.0,93.479,0 days 01:01:32.642000,0 days 01:01:05.476000,33.0,16.3,False
MAG,1.0,3.0,MEDIUM,3.0,93.259,0 days 01:01:33.641000,0 days 01:01:05.476000,33.0,16.3,False
BOT,1.0,3.0,MEDIUM,3.0,94.447,0 days 01:01:35.402000,0 days 01:01:05.476000,33.0,16.3,False
PER,1.0,3.0,HARD,3.0,92.34,0 days 01:01:38.144000,0 days 01:02:05.493000,24.3,16.3,False
RUS,1.0,4.0,MEDIUM,4.0,91.799,0 days 01:02:53.671000,0 days 01:03:05.556000,24.1,16.3,False
HAM,1.0,4.0,MEDIUM,4.0,91.988,0 days 01:02:54.914000,0 days 01:03:05.556000,24.1,16.3,False
VER,1.0,4.0,MEDIUM,4.0,91.933,0 days 01:02:56.428000,0 days 01:03:05.556000,24.1,16.3,False
NOR,1.0,4.0,MEDIUM,4.0,91.976,0 days 01:02:57.270000,0 days 01:03:05.556000,24.1,16.3,False
PIA,1.0,4.0,MEDIUM,4.0,91.919,0 days 01:02:58.040000,0 days 01:03:05.556000,24.1,16.3,False
SAI,1.0,4.0,MEDIUM,4.0,92.045,0 days 01:02:58.904000,0 days 01:03:05.556000,24.1,16.3,False
STR,1.0,4.0,MEDIUM,4.0,92.968,0 days 01:02:59.842000,0 days 01:03:05.556000,24.1,16.3,False
LEC,1.0,4.0,MEDIUM,4.0,92.705,0 days 01:03:00.634000,0 days 01:03:05.556000,24.1,16.3,False
HUL,1.0,4.0,MEDIUM,4.0,92.563,0 days 01:03:01.359000,0 days 01:03:05.556000,24.1,16.3,False
ALO,1.0,4.0,MEDIUM,4.0,93.192,0 days 01:03:02.371000,0 days 01:03:05.556000,24.1,16.3,False
TSU,1.0,4.0,MEDIUM,4.0,93.164,0 days 01:03:03.129000,0 days 01:03:05.556000,24.1,16.3,False
ALB,1.0,4.0,MEDIUM,4.0,93.059,0 days 01:03:03.863000,0 days 01:03:05.556000,24.1,16.3,False
SAR,1.0,4.0,MEDIUM,4.0,93.11,0 days 01:03:04.270000,0 days 01:03:05.556000,24.1,16.3,False
ZHO,1.0,4.0,SOFT,4.0,93.221,0 days 01:03:05.025000,0 days 01:03:05.556000,24.1,16.3,False
RIC,1.0,4.0,MEDIUM,4.0,93.253,0 days 01:03:05.597000,0 days 01:03:05.556000,24.1,16.3,False
OCO,1.0,4.0,SOFT,4.0,93.316,0 days 01:03:06.121000,0 days 01:03:05.556000,24.1,16.3,False
MAG,1.0,4.0,MEDIUM,4.0,93.11,0 days 01:03:06.900000,0 days 01:03:05.556000,24.1,16.3,False
BOT,1.0,4.0,MEDIUM,4.0,94.322,0 days 01:03:09.849000,0 days 01:03:05.556000,24.1,16.3,False
PER,1.0,4.0,HARD,4.0,92.57,0 days 01:03:10.484000,0 days 01:03:05.556000,24.1,16.3,False
RUS,1.0,5.0,MEDIUM,5.0,91.628,0 days 01:04:25.470000,0 days 01:04:05.509000,24.0,16.2,False
HAM,1.0,5.0,MEDIUM,5.0,91.677,0 days 01:04:26.902000,0 days 01:04:05.509000,24.0,16.2,False
VER,1.0,5.0,MEDIUM,5.0,91.778,0 days 01:04:28.361000,0 days 01:04:05.509000,24.0,16.2,False
NOR,1.0,5.0,MEDIUM,5.0,91.716,0 days 01:04:29.246000,0 days 01:04:05.509000,24.0,16.2,False
PIA,1.0,5.0,MEDIUM,5.0,91.832,0 days 01:04:29.959000,0 days 01:04:05.509000,24.0,16.2,False
SAI,1.0,5.0,MEDIUM,5.0,91.939,0 days 01:04:30.949000,0 days 01:04:05.509000,24.0,16.2,False
STR,1.0,5.0,MEDIUM,5.0,92.706,0 days 01:04:32.810000,0 days 01:04:05.509000,24.0,16.2,False
LEC,1.0,5.0,MEDIUM,5.0,92.697,0 days 01:04:33.339000,0 days 01:04:05.509000,24.0,16.2,False
HUL,1.0,5.0,MEDIUM,5.0,92.768,0 days 01:04:33.922000,0 days 01:04:05.509000,24.0,16.2,False
ALO,1.0,5.0,MEDIUM,5.0,92.617,0 days 01:04:35.563000,0 days 01:05:05.511000,24.2,16.3,False
TSU,1.0,5.0,MEDIUM,5.0,92.607,0 days 01:04:36.293000,0 days 01:05:05.511000,24.2,16.3,False
ALB,1.0,5.0,MEDIUM,5.0,92.846,0 days 01:04:36.922000,0 days 01:05:05.511000,24.2,16.3,False
SAR,1.0,5.0,MEDIUM,5.0,93.139,0 days 01:04:37.380000,0 days 01:05:05.511000,24.2,16.3,False
ZHO,1.0,5.0,SOFT,5.0,93.271,0 days 01:04:38.246000,0 days 01:05:05.511000,24.2,16.3,False
RIC,1.0,5.0,MEDIUM,5.0,93.263,0 days 01:04:38.850000,0 days 01:05:05.511000,24.2,16.3,False
OCO,1.0,5.0,SOFT,5.0,93.21,0 days 01:04:39.437000,0 days 01:05:05.511000,24.2,16.3,False
MAG,1.0,5.0,MEDIUM,5.0,92.999,0 days 01:04:40.010000,0 days 01:05:05.511000,24.2,16.3,False
PER,1.0,5.0,HARD,5.0,92.111,0 days 01:04:43.054000,0 days 01:05:05.511000,24.2,16.3,False
BOT,1.0,5.0,MEDIUM,5.0,93.768,0 days 01:04:44.171000,0 days 01:05:05.511000,24.2,16.3,False
RUS,1.0,6.0,MEDIUM,6.0,91.625,0 days 01:05:57.098000,0 days 01:06:05.525000,24.3,16.2,False
HAM,1.0,6.0,MEDIUM,6.0,91.746,0 days 01:05:58.579000,0 days 01:06:05.525000,24.3,16.2,False
VER,1.0,6.0,MEDIUM,6.0,91.711,0 days 01:06:00.139000,0 days 01:06:05.525000,24.3,16.2,False
NOR,1.0,6.0,MEDIUM,6.0,91.896,0 days 01:06:00.962000,0 days 01:06:05.525000,24.3,16.2,False
PIA,1.0,6.0,MEDIUM,6.0,92.062,0 days 01:06:01.791000,0 days 01:06:05.525000,24.3,16.2,False
SAI,1.0,6.0,MEDIUM,6.0,91.9,0 days 01:06:02.888000,0 days 01:06:05.525000,24.3,16.2,False
STR,1.0,6.0,MEDIUM,6.0,92.788,0 days 01:06:05.516000,0 days 01:06:05.525000,24.3,16.2,False
LEC,1.0,6.0,MEDIUM,6.0,92.758,0 days 01:06:06.036000,0 days 01:06:05.525000,24.3,16.2,False
HUL,1.0,6.0,MEDIUM,6.0,92.697,0 days 01:06:06.690000,0 days 01:06:05.525000,24.3,16.2,False
ALO,1.0,6.0,MEDIUM,6.0,92.673,0 days 01:06:08.180000,0 days 01:06:05.525000,24.3,16.2,False
TSU,1.0,6.0,MEDIUM,6.0,92.614,0 days 01:06:08.900000,0 days 01:06:05.525000,24.3,16.2,False
ALB,1.0,6.0,MEDIUM,6.0,93.014,0 days 01:06:09.768000,0 days 01:06:05.525000,24.3,16.2,False
SAR,1.0,6.0,MEDIUM,6.0,92.904,0 days 01:06:10.519000,0 days 01:06:05.525000,24.3,16.2,False
ZHO,1.0,6.0,SOFT,6.0,93.788,0 days 01:06:11.517000,0 days 01:06:05.525000,24.3,16.2,False
RIC,1.0,6.0,MEDIUM,6.0,93.666,0 days 01:06:12.113000,0 days 01:06:05.525000,24.3,16.2,False
OCO,1.0,6.0,SOFT,6.0,93.616,0 days 01:06:12.647000,0 days 01:06:05.525000,24.3,16.2,False
MAG,1.0,6.0,MEDIUM,6.0,93.544,0 days 01:06:13.009000,0 days 01:06:05.525000,24.3,16.2,False
PER,1.0,6.0,HARD,6.0,92.25,0 days 01:06:15.165000,0 days 01:06:05.525000,24.3,16.2,False
BOT,1.0,6.0,MEDIUM,6.0,93.46,0 days 01:06:17.939000,0 days 01:06:05.525000,24.3,16.2,False
RUS,1.0,7.0,MEDIUM,7.0,91.663,0 days 01:07:28.723000,0 days 01:07:05.531000,25.4,16.3,False
HAM,1.0,7.0,MEDIUM,7.0,91.675,0 days 01:07:30.325000,0 days 01:07:05.531000,25.4,16.3,False
VER,1.0,7.0,MEDIUM,7.0,91.935,0 days 01:07:31.850000,0 days 01:07:05.531000,25.4,16.3,False
NOR,1.0,7.0,MEDIUM,7.0,92.071,0 days 01:07:32.858000,0 days 01:07:05.531000,25.4,16.3,False
PIA,1.0,7.0,MEDIUM,7.0,91.925,0 days 01:07:33.853000,0 days 01:07:05.531000,25.4,16.3,False
SAI,1.0,7.0,MEDIUM,7.0,92.702,0 days 01:07:34.788000,0 days 01:07:05.531000,25.4,16.3,False
STR,1.0,7.0,MEDIUM,7.0,92.716,0 days 01:07:38.304000,0 days 01:08:05.539000,25.8,16.4,False
LEC,1.0,7.0,MEDIUM,7.0,92.662,0 days 01:07:38.794000,0 days 01:08:05.539000,25.8,16.4,False
HUL,1.0,7.0,MEDIUM,7.0,92.733,0 days 01:07:39.387000,0 days 01:08:05.539000,25.8,16.4,False
ALO,1.0,7.0,MEDIUM,7.0,92.712,0 days 01:07:40.853000,0 days 01:08:05.539000,25.8,16.4,False
TSU,1.0,7.0,MEDIUM,7.0,92.817,0 days 01:07:41.514000,0 days 01:08:05.539000,25.8,16.4,False
ALB,1.0,7.0,MEDIUM,7.0,92.939,0 days 01:07:42.782000,0 days 01:08:05.539000,25.8,16.4,False
SAR,1.0,7.0,MEDIUM,7.0,93.002,0 days 01:07:43.423000,0 days 01:08:05.539000,25.8,16.4,False
ZHO,1.0,7.0,SOFT,7.0,94.51,0 days 01:07:45.305000,0 days 01:08:05.539000,25.8,16.4,False
RIC,1.0,7.0,MEDIUM,7.0,92.952,0 days 01:07:45.779000,0 days 01:08:05.539000,25.8,16.4,False
OCO,1.0,7.0,SOFT,7.0,95.183,0 days 01:07:46.263000,0 days 01:08:05.539000,25.8,16.4,False
MAG,1.0,7.0,MEDIUM,7.0,93.734,0 days 01:07:46.553000,0 days 01:08:05.539000,25.8,16.4,False
PER,1.0,7.0,HARD,7.0,93.313,0 days 01:07:47.415000,0 days 01:08:05.539000,25.8,16.4,False
BOT,1.0,7.0,MEDIUM,7.0,93.648,0 days 01:07:51.399000,0 days 01:08:05.539000,25.8,16.4,False
RUS,1.0,8.0,MEDIUM,8.0,91.731,0 days 01:09:00.386000,0 days 01:09:05.541000,26.0,16.4,False
HAM,1.0,8.0,MEDIUM,8.0,91.76,0 days 01:09:02,0 days 01:09:05.541000,26.0,16.4,False
VER,1.0,8.0,MEDIUM,8.0,92.038,0 days 01:09:03.785000,0 days 01:09:05.541000,26.0,16.4,False
NOR,1.0,8.0,MEDIUM,8.0,92.018,0 days 01:09:04.929000,0 days 01:09:05.541000,26.0,16.4,False
PIA,1.0,8.0,MEDIUM,8.0,91.994,0 days 01:09:05.778000,0 days 01:09:05.541000,26.0,16.4,False
SAI,1.0,8.0,MEDIUM,8.0,92.372,0 days 01:09:07.490000,0 days 01:09:05.541000,26.0,16.4,False
STR,1.0,8.0,MEDIUM,8.0,92.648,0 days 01:09:11.020000,0 days 01:09:05.541000,26.0,16.4,False
LEC,1.0,8.0,MEDIUM,8.0,92.86,0 days 01:09:11.456000,0 days 01:09:05.541000,26.0,16.4,False
HUL,1.0,8.0,MEDIUM,8.0,92.802,0 days 01:09:12.120000,0 days 01:09:05.541000,26.0,16.4,False
ALO,1.0,8.0,MEDIUM,8.0,92.496,0 days 01:09:13.565000,0 days 01:09:05.541000,26.0,16.4,False
TSU,1.0,8.0,MEDIUM,8.0,92.623,0 days 01:09:14.331000,0 days 01:09:05.541000,26.0,16.4,False
ALB,1.0,8.0,MEDIUM,8.0,92.798,0 days 01:09:15.721000,0 days 01:09:05.541000,26.0,16.4,False
SAR,1.0,8.0,MEDIUM,8.0,92.806,0 days 01:09:16.425000,0 days 01:09:05.541000,26.0,16.4,False
RIC,1.0,8.0,MEDIUM,8.0,93.095,0 days 01:09:18.731000,0 days 01:09:05.541000,26.0,16.4,False
ZHO,1.0,8.0,SOFT,8.0,96.323,0 days 01:09:19.815000,0 days 01:09:05.541000,26.0,16.4,False
MAG,1.0,8.0,MEDIUM,8.0,93.204,0 days 01:09:20.287000,0 days 01:09:05.541000,26.0,16.4,False
PER,1.0,8.0,HARD,8.0,93.407,0 days 01:09:20.728000,0 days 01:09:05.541000,26.0,16.4,False
OCO,1.0,8.0,SOFT,8.0,93.79,0 days 01:09:21.446000,0 days 01:09:05.541000,26.0,16.4,False
BOT,1.0,8.0,MEDIUM,8.0,93.561,0 days 01:09:25.047000,0 days 01:09:05.541000,26.0,16.4,False
RUS,1.0,9.0,MEDIUM,9.0,91.621,0 days 01:10:32.117000,0 days 01:10:05.552000,26.1,16.5,False
HAM,1.0,9.0,MEDIUM,9.0,91.564,0 days 01:10:33.760000,0 days 01:10:05.552000,26.1,16.5,False
VER,1.0,9.0,MEDIUM,9.0,91.883,0 days 01:10:35.823000,0 days 01:11:05.539000,26.0,16.6,False
NOR,1.0,9.0,MEDIUM,9.0,91.976,0 days 01:10:36.947000,0 days 01:11:05.539000,26.0,16.6,False
PIA,1.0,9.0,MEDIUM,9.0,92.0,0 days 01:10:37.772000,0 days 01:11:05.539000,26.0,16.6,False
SAI,1.0,9.0,MEDIUM,9.0,92.484,0 days 01:10:39.862000,0 days 01:11:05.539000,26.0,16.6,False
STR,1.0,9.0,MEDIUM,9.0,92.291,0 days 01:10:43.668000,0 days 01:11:05.539000,26.0,16.6,False
LEC,1.0,9.0,MEDIUM,9.0,92.326,0 days 01:10:44.316000,0 days 01:11:05.539000,26.0,16.6,False
HUL,1.0,9.0,MEDIUM,9.0,92.396,0 days 01:10:44.922000,0 days 01:11:05.539000,26.0,16.6,False
ALO,1.0,9.0,MEDIUM,9.0,92.579,0 days 01:10:46.061000,0 days 01:11:05.539000,26.0,16.6,False
TSU,1.0,9.0,MEDIUM,9.0,92.57,0 days 01:10:46.954000,0 days 01:11:05.539000,26.0,16.6,False
ALB,1.0,9.0,MEDIUM,9.0,92.933,0 days 01:10:48.519000,0 days 01:11:05.539000,26.0,16.6,False
SAR,1.0,9.0,MEDIUM,9.0,93.019,0 days 01:10:49.231000,0 days 01:11:05.539000,26.0,16.6,False
RIC,1.0,9.0,MEDIUM,9.0,92.762,0 days 01:10:51.826000,0 days 01:11:05.539000,26.0,16.6,False
MAG,1.0,9.0,MEDIUM,9.0,92.783,0 days 01:10:53.491000,0 days 01:11:05.539000,26.0,16.6,False
PER,1.0,9.0,HARD,9.0,92.8,0 days 01:10:54.135000,0 days 01:11:05.539000,26.0,16.6,False
OCO,1.0,9.0,SOFT,9.0,93.898,0 days 01:10:55.236000,0 days 01:11:05.539000,26.0,16.6,False
ZHO,1.0,9.0,SOFT,9.0,95.322,0 days 01:10:56.138000,0 days 01:11:05.539000,26.0,16.6,False
BOT,1.0,9.0,MEDIUM,9.0,93.645,0 days 01:10:58.608000,0 days 01:11:05.539000,26.0,16.6,False
RUS,1.0,10.0,MEDIUM,10.0,91.639,0 days 01:12:03.738000,0 days 01:12:05.535000,25.7,16.8,False
HAM,1.0,10.0,MEDIUM,10.0,91.515,0 days 01:12:05.324000,0 days 01:12:05.535000,25.7,16.8,False
VER,1.0,10.0,MEDIUM,10.0,91.661,0 days 01:12:07.706000,0 days 01:12:05.535000,25.7,16.8,False
NOR,1.0,10.0,MEDIUM,10.0,91.83,0 days 01:12:08.923000,0 days 01:12:05.535000,25.7,16.8,False
PIA,1.0,10.0,MEDIUM,10.0,91.811,0 days 01:12:09.772000,0 days 01:12:05.535000,25.7,16.8,False
SAI,1.0,10.0,MEDIUM,10.0,92.362,0 days 01:12:12.346000,0 days 01:12:05.535000,25.7,16.8,False
STR,1.0,10.0,MEDIUM,10.0,92.619,0 days 01:12:15.959000,0 days 01:12:05.535000,25.7,16.8,False
LEC,1.0,10.0,MEDIUM,10.0,92.496,0 days 01:12:16.642000,0 days 01:12:05.535000,25.7,16.8,False
HUL,1.0,10.0,MEDIUM,10.0,92.439,0 days 01:12:17.318000,0 days 01:12:05.535000,25.7,16.8,False
ALO,1.0,10.0,MEDIUM,10.0,92.741,0 days 01:12:18.640000,0 days 01:12:05.535000,25.7,16.8,False
TSU,1.0,10.0,MEDIUM,10.0,93.438,0 days 01:12:19.524000,0 days 01:12:05.535000,25.7,16.8,False
ALB,1.0,10.0,MEDIUM,10.0,93.073,0 days 01:12:21.452000,0 days 01:12:05.535000,25.7,16.8,False
SAR,1.0,10.0,MEDIUM,10.0,92.956,0 days 01:12:22.250000,0 days 01:12:05.535000,25.7,16.8,False
RIC,1.0,10.0,MEDIUM,10.0,92.721,0 days 01:12:24.588000,0 days 01:12:05.535000,25.7,16.8,False
MAG,1.0,10.0,MEDIUM,10.0,92.647,0 days 01:12:26.274000,0 days 01:12:05.535000,25.7,16.8,False
PER,1.0,10.0,HARD,10.0,92.709,0 days 01:12:26.935000,0 days 01:12:05.535000,25.7,16.8,False
OCO,1.0,10.0,SOFT,10.0,93.843,0 days 01:12:29.134000,0 days 01:12:05.535000,25.7,16.8,False
ZHO,1.0,10.0,SOFT,10.0,95.828,0 days 01:12:31.460000,0 days 01:12:05.535000,25.7,16.8,False
BOT,1.0,10.0,MEDIUM,10.0,93.787,0 days 01:12:32.253000,0 days 01:12:05.535000,25.7,16.8,False
RUS,1.0,11.0,MEDIUM,11.0,91.586,0 days 01:13:35.377000,0 days 01:13:05.545000,25.6,16.8,False
HAM,1.0,11.0,MEDIUM,11.0,91.487,0 days 01:13:36.839000,0 days 01:14:05.565000,25.4,16.8,False
VER,1.0,11.0,MEDIUM,11.0,91.81,0 days 01:13:39.367000,0 days 01:14:05.565000,25.4,16.8,False
NOR,1.0,11.0,MEDIUM,11.0,91.748,0 days 01:13:40.753000,0 days 01:14:05.565000,25.4,16.8,False
PIA,1.0,11.0,MEDIUM,11.0,91.855,0 days 01:13:41.583000,0 days 01:14:05.565000,25.4,16.8,False
SAI,1.0,11.0,MEDIUM,11.0,92.123,0 days 01:13:44.708000,0 days 01:14:05.565000,25.4,16.8,False
STR,1.0,11.0,MEDIUM,11.0,92.273,0 days 01:13:48.578000,0 days 01:14:05.565000,25.4,16.8,False
LEC,1.0,11.0,MEDIUM,11.0,92.348,0 days 01:13:49.138000,0 days 01:14:05.565000,25.4,16.8,False
HUL,1.0,11.0,MEDIUM,11.0,92.428,0 days 01:13:49.757000,0 days 01:14:05.565000,25.4,16.8,False
ALO,1.0,11.0,MEDIUM,11.0,92.548,0 days 01:13:51.381000,0 days 01:14:05.565000,25.4,16.8,False
TSU,1.0,11.0,MEDIUM,11.0,92.805,0 days 01:13:52.962000,0 days 01:14:05.565000,25.4,16.8,False
ALB,1.0,11.0,MEDIUM,11.0,92.981,0 days 01:13:54.525000,0 days 01:14:05.565000,25.4,16.8,False
SAR,1.0,11.0,MEDIUM,11.0,92.897,0 days 01:13:55.206000,0 days 01:14:05.565000,25.4,16.8,False
RIC,1.0,11.0,MEDIUM,11.0,92.804,0 days 01:13:57.309000,0 days 01:14:05.565000,25.4,16.8,False
MAG,1.0,11.0,MEDIUM,11.0,92.671,0 days 01:13:58.921000,0 days 01:14:05.565000,25.4,16.8,False
PER,1.0,11.0,HARD,11.0,92.491,0 days 01:13:59.644000,0 days 01:14:05.565000,25.4,16.8,False
OCO,1.0,11.0,SOFT,11.0,93.846,0 days 01:14:02.977000,0 days 01:14:05.565000,25.4,16.8,False
BOT,1.0,11.0,MEDIUM,11.0,93.561,0 days 01:14:06.040000,0 days 01:14:05.565000,25.4,16.8,False
ZHO,1.0,11.0,SOFT,11.0,95.012,0 days 01:14:07.288000,0 days 01:14:05.565000,25.4,16.8,False
RUS,1.0,12.0,MEDIUM,12.0,91.619,0 days 01:15:06.963000,0 days 01:15:05.547000,25.3,16.7,False
HAM,1.0,12.0,MEDIUM,12.0,91.563,0 days 01:15:08.326000,0 days 01:15:05.547000,25.3,16.7,False
VER,1.0,12.0,MEDIUM,12.0,91.894,0 days 01:15:11.177000,0 days 01:15:05.547000,25.3,16.7,False
NOR,1.0,12.0,MEDIUM,12.0,91.718,0 days 01:15:12.501000,0 days 01:15:05.547000,25.3,16.7,False
PIA,1.0,12.0,MEDIUM,12.0,91.663,0 days 01:15:13.438000,0 days 01:15:05.547000,25.3,16.7,False
SAI,1.0,12.0,MEDIUM,12.0,92.358,0 days 01:15:16.831000,0 days 01:15:05.547000,25.3,16.7,False
STR,1.0,12.0,MEDIUM,12.0,92.362,0 days 01:15:20.851000,0 days 01:15:05.547000,25.3,16.7,False
LEC,1.0,12.0,MEDIUM,12.0,92.236,0 days 01:15:21.486000,0 days 01:15:05.547000,25.3,16.7,False
HUL,1.0,12.0,MEDIUM,12.0,92.401,0 days 01:15:22.185000,0 days 01:15:05.547000,25.3,16.7,False
ALO,1.0,12.0,MEDIUM,12.0,92.427,0 days 01:15:23.929000,0 days 01:15:05.547000,25.3,16.7,False
TSU,1.0,12.0,MEDIUM,12.0,92.782,0 days 01:15:25.767000,0 days 01:15:05.547000,25.3,16.7,False
ALB,1.0,12.0,MEDIUM,12.0,92.567,0 days 01:15:27.506000,0 days 01:15:05.547000,25.3,16.7,False
SAR,1.0,12.0,MEDIUM,12.0,92.748,0 days 01:15:28.103000,0 days 01:15:05.547000,25.3,16.7,False
RIC,1.0,12.0,MEDIUM,12.0,92.797,0 days 01:15:30.113000,0 days 01:15:05.547000,25.3,16.7,False
MAG,1.0,12.0,MEDIUM,12.0,92.531,0 days 01:15:31.592000,0 days 01:15:05.547000,25.3,16.7,False
PER,1.0,12.0,HARD,12.0,92.509,0 days 01:15:32.135000,0 days 01:15:05.547000,25.3,16.7,False
OCO,1.0,12.0,SOFT,12.0,94.071,0 days 01:15:36.823000,0 days 01:16:05.557000,25.2,16.7,False
BOT,1.0,12.0,MEDIUM,12.0,93.269,0 days 01:15:39.601000,0 days 01:16:05.557000,25.2,16.7,False
RUS,1.0,13.0,MEDIUM,13.0,91.716,0 days 01:16:38.582000,0 days 01:17:05.584000,24.9,16.7,False
HAM,1.0,13.0,MEDIUM,13.0,91.881,0 days 01:16:39.889000,0 days 01:17:05.584000,24.9,16.7,False
VER,1.0,13.0,MEDIUM,13.0,91.759,0 days 01:16:43.071000,0 days 01:17:05.584000,24.9,16.7,False
NOR,1.0,13.0,MEDIUM,13.0,91.472,0 days 01:16:44.219000,0 days 01:17:05.584000,24.9,16.7,False
PIA,1.0,13.0,MEDIUM,13.0,91.896,0 days 01:16:45.101000,0 days 01:17:05.584000,24.9,16.7,False
SAI,1.0,13.0,MEDIUM,13.0,92.251,0 days 01:16:49.189000,0 days 01:17:05.584000,24.9,16.7,False
STR,1.0,13.0,MEDIUM,13.0,93.092,0 days 01:16:53.213000,0 days 01:17:05.584000,24.9,16.7,False
LEC,1.0,13.0,MEDIUM,13.0,91.989,0 days 01:16:53.722000,0 days 01:17:05.584000,24.9,16.7,False
HUL,1.0,13.0,MEDIUM,13.0,92.468,0 days 01:16:54.586000,0 days 01:17:05.584000,24.9,16.7,False
ALO,1.0,13.0,MEDIUM,13.0,92.517,0 days 01:16:56.356000,0 days 01:17:05.584000,24.9,16.7,False
TSU,1.0,13.0,MEDIUM,13.0,93.031,0 days 01:16:58.549000,0 days 01:17:05.584000,24.9,16.7,False
ALB,1.0,13.0,MEDIUM,13.0,92.769,0 days 01:17:00.073000,0 days 01:17:05.584000,24.9,16.7,False
SAR,1.0,13.0,MEDIUM,13.0,93.04,0 days 01:17:00.851000,0 days 01:17:05.584000,24.9,16.7,False
RIC,1.0,13.0,MEDIUM,13.0,92.88,0 days 01:17:02.910000,0 days 01:17:05.584000,24.9,16.7,False
MAG,1.0,13.0,MEDIUM,13.0,92.74,0 days 01:17:04.123000,0 days 01:17:05.584000,24.9,16.7,False
PER,1.0,13.0,HARD,13.0,92.772,0 days 01:17:04.644000,0 days 01:17:05.584000,24.9,16.7,False
OCO,1.0,13.0,SOFT,13.0,94.491,0 days 01:17:10.894000,0 days 01:17:05.584000,24.9,16.7,False
BOT,1.0,13.0,MEDIUM,13.0,93.65,0 days 01:17:12.870000,0 days 01:17:05.584000,24.9,16.7,False
RUS,1.0,14.0,MEDIUM,14.0,91.478,0 days 01:18:10.298000,0 days 01:18:05.594000,24.8,16.6,False
HAM,1.0,14.0,MEDIUM,14.0,91.609,0 days 01:18:11.770000,0 days 01:18:05.594000,24.8,16.6,False
VER,1.0,14.0,MEDIUM,14.0,91.7,0 days 01:18:14.830000,0 days 01:18:05.594000,24.8,16.6,False
NOR,1.0,14.0,MEDIUM,14.0,91.407,0 days 01:18:15.691000,0 days 01:18:05.594000,24.8,16.6,False
PIA,1.0,14.0,MEDIUM,14.0,91.697,0 days 01:18:16.997000,0 days 01:18:05.594000,24.8,16.6,False
SAI,1.0,14.0,MEDIUM,14.0,92.106,0 days 01:18:21.440000,0 days 01:18:05.594000,24.8,16.6,False
LEC,1.0,14.0,MEDIUM,14.0,92.396,0 days 01:18:25.711000,0 days 01:18:05.594000,24.8,16.6,False
STR,1.0,14.0,MEDIUM,14.0,92.641,0 days 01:18:26.305000,0 days 01:18:05.594000,24.8,16.6,False
HUL,1.0,14.0,MEDIUM,14.0,92.621,0 days 01:18:27.054000,0 days 01:18:05.594000,24.8,16.6,False
ALO,1.0,14.0,MEDIUM,14.0,92.383,0 days 01:18:28.873000,0 days 01:18:05.594000,24.8,16.6,False
TSU,1.0,14.0,MEDIUM,14.0,92.731,0 days 01:18:31.580000,0 days 01:18:05.594000,24.8,16.6,False
ALB,1.0,14.0,MEDIUM,14.0,92.538,0 days 01:18:32.842000,0 days 01:18:05.594000,24.8,16.6,False
SAR,1.0,14.0,MEDIUM,14.0,92.607,0 days 01:18:33.891000,0 days 01:18:05.594000,24.8,16.6,False
RIC,1.0,14.0,MEDIUM,14.0,92.933,0 days 01:18:35.790000,0 days 01:19:05.599000,24.6,16.5,False
MAG,1.0,14.0,MEDIUM,14.0,92.506,0 days 01:18:36.863000,0 days 01:19:05.599000,24.6,16.5,False
PER,1.0,14.0,HARD,14.0,92.488,0 days 01:18:37.416000,0 days 01:19:05.599000,24.6,16.5,False
OCO,1.0,14.0,SOFT,14.0,95.293,0 days 01:18:45.385000,0 days 01:19:05.599000,24.6,16.5,False
BOT,1.0,14.0,MEDIUM,14.0,93.156,0 days 01:18:46.520000,0 days 01:19:05.599000,24.6,16.5,False
ZHO,2.0,14.0,MEDIUM,2.0,92.45,0 days 01:19:11.584000,0 days 01:19:05.599000,24.6,16.5,False
RUS,1.0,15.0,MEDIUM,15.0,91.566,0 days 01:19:41.776000,0 days 01:20:05.646000,24.6,16.5,False
HAM,1.0,15.0,MEDIUM,15.0,91.563,0 days 01:19:43.379000,0 days 01:20:05.646000,24.6,16.5,False
VER,1.0,15.0,MEDIUM,15.0,92.249,0 days 01:19:46.530000,0 days 01:20:05.646000,24.6,16.5,False
NOR,1.0,15.0,MEDIUM,15.0,90.946,0 days 01:19:47.098000,0 days 01:20:05.646000,24.6,16.5,False
PIA,1.0,15.0,MEDIUM,15.0,91.514,0 days 01:19:48.694000,0 days 01:20:05.646000,24.6,16.5,False
SAI,1.0,15.0,MEDIUM,15.0,91.916,0 days 01:19:53.546000,0 days 01:20:05.646000,24.6,16.5,False
LEC,1.0,15.0,MEDIUM,15.0,92.755,0 days 01:19:58.107000,0 days 01:20:05.646000,24.6,16.5,False
STR,1.0,15.0,MEDIUM,15.0,92.649,0 days 01:19:58.946000,0 days 01:20:05.646000,24.6,16.5,False
HUL,1.0,15.0,MEDIUM,15.0,92.672,0 days 01:19:59.675000,0 days 01:20:05.646000,24.6,16.5,False
ALO,1.0,15.0,MEDIUM,15.0,92.259,0 days 01:20:01.256000,0 days 01:20:05.646000,24.6,16.5,False
TSU,1.0,15.0,MEDIUM,15.0,92.589,0 days 01:20:04.311000,0 days 01:20:05.646000,24.6,16.5,False
ALB,1.0,15.0,MEDIUM,15.0,92.265,0 days 01:20:05.380000,0 days 01:20:05.646000,24.6,16.5,False
SAR,1.0,15.0,MEDIUM,15.0,92.543,0 days 01:20:06.498000,0 days 01:20:05.646000,24.6,16.5,False
RIC,1.0,15.0,MEDIUM,15.0,93.171,0 days 01:20:08.723000,0 days 01:20:05.646000,24.6,16.5,False
MAG,1.0,15.0,MEDIUM,15.0,92.953,0 days 01:20:09.369000,0 days 01:20:05.646000,24.6,16.5,False
PER,1.0,15.0,HARD,15.0,92.702,0 days 01:20:09.904000,0 days 01:20:05.646000,24.6,16.5,False
BOT,1.0,15.0,MEDIUM,15.0,93.228,0 days 01:20:19.676000,0 days 01:20:05.646000,24.6,16.5,False
OCO,1.0,15.0,SOFT,15.0,94.884,0 days 01:20:20.678000,0 days 01:20:05.646000,24.6,16.5,False
ZHO,2.0,15.0,MEDIUM,3.0,92.479,0 days 01:20:44.034000,0 days 01:21:05.627000,24.4,16.5,False
RUS,1.0,16.0,MEDIUM,16.0,91.626,0 days 01:21:13.342000,0 days 01:21:05.627000,24.4,16.5,False
HAM,1.0,16.0,MEDIUM,16.0,91.931,0 days 01:21:14.942000,0 days 01:21:05.627000,24.4,16.5,False
NOR,1.0,16.0,MEDIUM,16.0,91.69,0 days 01:21:18.044000,0 days 01:21:05.627000,24.4,16.5,False
VER,1.0,16.0,MEDIUM,16.0,92.504,0 days 01:21:18.779000,0 days 01:21:05.627000,24.4,16.5,False
PIA,1.0,16.0,MEDIUM,16.0,92.118,0 days 01:21:20.208000,0 days 01:21:05.627000,24.4,16.5,False
SAI,1.0,16.0,MEDIUM,16.0,92.455,0 days 01:21:25.462000,0 days 01:21:05.627000,24.4,16.5,False
LEC,1.0,16.0,MEDIUM,16.0,92.923,0 days 01:21:30.862000,0 days 01:21:05.627000,24.4,16.5,False
STR,1.0,16.0,MEDIUM,16.0,93.091,0 days 01:21:31.595000,0 days 01:21:05.627000,24.4,16.5,False
HUL,1.0,16.0,MEDIUM,16.0,93.194,0 days 01:21:32.347000,0 days 01:21:05.627000,24.4,16.5,False
ALO,1.0,16.0,MEDIUM,16.0,92.59,0 days 01:21:33.515000,0 days 01:21:05.627000,24.4,16.5,False
TSU,1.0,16.0,MEDIUM,16.0,93.209,0 days 01:21:36.900000,0 days 01:22:05.627000,24.3,16.5,False
ALB,1.0,16.0,MEDIUM,16.0,93.178,0 days 01:21:37.645000,0 days 01:22:05.627000,24.3,16.5,False
SAR,1.0,16.0,MEDIUM,16.0,93.701,0 days 01:21:39.041000,0 days 01:22:05.627000,24.3,16.5,False
RIC,1.0,16.0,MEDIUM,16.0,94.437,0 days 01:21:41.894000,0 days 01:22:05.627000,24.3,16.5,False
MAG,1.0,16.0,MEDIUM,16.0,93.486,0 days 01:21:42.322000,0 days 01:22:05.627000,24.3,16.5,False
PER,1.0,16.0,HARD,16.0,94.231,0 days 01:21:42.606000,0 days 01:22:05.627000,24.3,16.5,False
BOT,1.0,16.0,MEDIUM,16.0,93.967,0 days 01:21:52.904000,0 days 01:22:05.627000,24.3,16.5,False
OCO,1.0,16.0,SOFT,16.0,96.522,0 days 01:21:55.562000,0 days 01:22:05.627000,24.3,16.5,False
ZHO,2.0,16.0,MEDIUM,4.0,95.202,0 days 01:22:16.513000,0 days 01:22:05.627000,24.3,16.5,False
RUS,1.0,17.0,MEDIUM,17.0,94.793,0 days 01:22:44.968000,0 days 01:23:05.646000,24.3,16.4,False
HAM,1.0,17.0,MEDIUM,17.0,93.721,0 days 01:22:46.873000,0 days 01:23:05.646000,24.3,16.4,False
NOR,1.0,17.0,MEDIUM,17.0,94.304,0 days 01:22:49.734000,0 days 01:23:05.646000,24.3,16.4,False
VER,1.0,17.0,MEDIUM,17.0,95.359,0 days 01:22:51.283000,0 days 01:23:05.646000,24.3,16.4,False
PIA,1.0,17.0,MEDIUM,17.0,93.988,0 days 01:22:52.326000,0 days 01:23:05.646000,24.3,16.4,False
SAI,1.0,17.0,MEDIUM,17.0,94.228,0 days 01:22:57.917000,0 days 01:23:05.646000,24.3,16.4,False
LEC,1.0,17.0,MEDIUM,17.0,95.28,0 days 01:23:03.785000,0 days 01:23:05.646000,24.3,16.4,False
STR,1.0,17.0,MEDIUM,17.0,95.713,0 days 01:23:04.686000,0 days 01:23:05.646000,24.3,16.4,False
HUL,1.0,17.0,MEDIUM,17.0,95.447,0 days 01:23:05.541000,0 days 01:23:05.646000,24.3,16.4,False
ALO,1.0,17.0,MEDIUM,17.0,95.014,0 days 01:23:06.105000,0 days 01:23:05.646000,24.3,16.4,False
TSU,1.0,17.0,MEDIUM,17.0,94.738,0 days 01:23:10.109000,0 days 01:23:05.646000,24.3,16.4,False
ALB,1.0,17.0,MEDIUM,17.0,94.873,0 days 01:23:10.823000,0 days 01:23:05.646000,24.3,16.4,False
SAR,1.0,17.0,MEDIUM,17.0,95.258,0 days 01:23:12.742000,0 days 01:23:05.646000,24.3,16.4,False
MAG,1.0,17.0,MEDIUM,17.0,94.661,0 days 01:23:15.808000,0 days 01:23:05.646000,24.3,16.4,False
RIC,1.0,17.0,MEDIUM,17.0,95.885,0 days 01:23:16.331000,0 days 01:23:05.646000,24.3,16.4,False
PER,1.0,17.0,HARD,17.0,94.829,0 days 01:23:16.837000,0 days 01:23:05.646000,24.3,16.4,False
BOT,1.0,17.0,MEDIUM,17.0,95.498,0 days 01:23:26.871000,0 days 01:23:05.646000,24.3,16.4,False
OCO,1.0,17.0,SOFT,17.0,98.735,0 days 01:23:32.084000,0 days 01:23:05.646000,24.3,16.4,False
ZHO,2.0,17.0,MEDIUM,5.0,98.106,0 days 01:23:51.715000,0 days 01:24:05.641000,24.3,16.5,False
RUS,1.0,18.0,MEDIUM,18.0,96.365,0 days 01:24:19.761000,0 days 01:24:05.641000,24.3,16.5,False
HAM,1.0,18.0,MEDIUM,18.0,95.071,0 days 01:24:20.594000,0 days 01:24:05.641000,24.3,16.5,False
NOR,1.0,18.0,MEDIUM,18.0,94.125,0 days 01:24:24.038000,0 days 01:24:05.641000,24.3,16.5,False
PIA,1.0,18.0,MEDIUM,18.0,94.269,0 days 01:24:26.314000,0 days 01:24:05.641000,24.3,16.5,False
VER,1.0,18.0,MEDIUM,18.0,96.172,0 days 01:24:26.642000,0 days 01:24:05.641000,24.3,16.5,False
SAI,1.0,18.0,MEDIUM,18.0,94.31,0 days 01:24:32.145000,0 days 01:24:05.641000,24.3,16.5,False
LEC,1.0,18.0,MEDIUM,18.0,95.951,0 days 01:24:39.065000,0 days 01:25:05.652000,23.9,16.6,True
STR,1.0,18.0,MEDIUM,18.0,95.789,0 days 01:24:40.399000,0 days 01:25:05.652000,23.9,16.6,True
HUL,1.0,18.0,MEDIUM,18.0,95.834,0 days 01:24:40.988000,0 days 01:25:05.652000,23.9,16.6,True
ALO,1.0,18.0,MEDIUM,18.0,95.88,0 days 01:24:41.119000,0 days 01:25:05.652000,23.9,16.6,True
TSU,1.0,18.0,MEDIUM,18.0,95.392,0 days 01:24:44.847000,0 days 01:25:05.652000,23.9,16.6,True
ALB,1.0,18.0,MEDIUM,18.0,95.323,0 days 01:24:45.696000,0 days 01:25:05.652000,23.9,16.6,True
SAR,1.0,18.0,MEDIUM,18.0,94.9,0 days 01:24:48,0 days 01:25:05.652000,23.9,16.6,True
MAG,1.0,18.0,MEDIUM,18.0,94.73,0 days 01:24:50.469000,0 days 01:25:05.652000,23.9,16.6,True
PER,1.0,18.0,HARD,18.0,95.384,0 days 01:24:51.666000,0 days 01:25:05.652000,23.9,16.6,True
RIC,1.0,18.0,MEDIUM,18.0,96.827,0 days 01:24:52.216000,0 days 01:25:05.652000,23.9,16.6,True
BOT,1.0,18.0,MEDIUM,18.0,96.075,0 days 01:25:02.369000,0 days 01:25:05.652000,23.9,16.6,True
OCO,1.0,18.0,SOFT,18.0,98.497,0 days 01:25:10.819000,0 days 01:25:05.652000,23.9,16.6,True
ZHO,2.0,18.0,MEDIUM,6.0,99.637,0 days 01:25:29.821000,0 days 01:25:05.652000,23.9,16.6,True
HAM,1.0,19.0,MEDIUM,19.0,103.711,0 days 01:25:55.665000,0 days 01:26:05.639000,23.2,16.4,True
RUS,1.0,19.0,MEDIUM,19.0,104.151,0 days 01:25:56.126000,0 days 01:26:05.639000,23.2,16.4,True
NOR,1.0,19.0,MEDIUM,19.0,101.436,0 days 01:25:58.163000,0 days 01:26:05.639000,23.2,16.4,True
PIA,1.0,19.0,MEDIUM,19.0,100.728,0 days 01:26:00.583000,0 days 01:26:05.639000,23.2,16.4,True
VER,1.0,19.0,MEDIUM,19.0,102.485,0 days 01:26:02.814000,0 days 01:26:05.639000,23.2,16.4,True
SAI,1.0,19.0,MEDIUM,19.0,100.51,0 days 01:26:06.455000,0 days 01:26:05.639000,23.2,16.4,True
STR,1.0,19.0,MEDIUM,19.0,107.568,0 days 01:26:16.188000,0 days 01:26:05.639000,23.2,16.4,True
HUL,1.0,19.0,MEDIUM,19.0,105.752,0 days 01:26:16.822000,0 days 01:26:05.639000,23.2,16.4,True
ALO,1.0,19.0,MEDIUM,19.0,107.27,0 days 01:26:16.999000,0 days 01:26:05.639000,23.2,16.4,True
TSU,1.0,19.0,MEDIUM,19.0,104.585,0 days 01:26:20.239000,0 days 01:26:05.639000,23.2,16.4,True
ALB,1.0,19.0,MEDIUM,19.0,104.619,0 days 01:26:21.019000,0 days 01:26:05.639000,23.2,16.4,True
SAR,1.0,19.0,MEDIUM,19.0,104.09,0 days 01:26:22.900000,0 days 01:26:05.639000,23.2,16.4,True
MAG,1.0,19.0,MEDIUM,19.0,103.505,0 days 01:26:25.199000,0 days 01:26:05.639000,23.2,16.4,True
RIC,1.0,19.0,MEDIUM,19.0,104.922,0 days 01:26:29.043000,0 days 01:26:05.639000,23.2,16.4,True
BOT,1.0,19.0,MEDIUM,19.0,104.426,0 days 01:26:38.444000,0 days 01:27:05.660000,22.9,16.2,True
HAM,1.0,20.0,MEDIUM,20.0,100.021,0 days 01:27:39.376000,0 days 01:28:05.648000,22.5,16.1,True
NOR,1.0,20.0,MEDIUM,20.0,97.704,0 days 01:27:39.599000,0 days 01:28:05.648000,22.5,16.1,True
RUS,1.0,20.0,MEDIUM,20.0,99.962,0 days 01:27:40.277000,0 days 01:28:05.648000,22.5,16.1,True
PIA,1.0,20.0,MEDIUM,20.0,97.348,0 days 01:27:41.311000,0 days 01:28:05.648000,22.5,16.1,True
VER,1.0,20.0,MEDIUM,20.0,97.108,0 days 01:27:45.299000,0 days 01:28:05.648000,22.5,16.1,True
SAI,1.0,20.0,MEDIUM,20.0,96.538,0 days 01:27:46.965000,0 days 01:28:05.648000,22.5,16.1,True
HUL,1.0,20.0,MEDIUM,20.0,97.529,0 days 01:28:02.574000,0 days 01:28:05.648000,22.5,16.1,True
STR,1.0,20.0,MEDIUM,20.0,97.491,0 days 01:28:03.756000,0 days 01:28:05.648000,22.5,16.1,True
ALO,1.0,20.0,MEDIUM,20.0,96.48,0 days 01:28:04.269000,0 days 01:28:05.648000,22.5,16.1,True
TSU,1.0,20.0,MEDIUM,20.0,96.875,0 days 01:28:04.824000,0 days 01:28:05.648000,22.5,16.1,True
ALB,1.0,20.0,MEDIUM,20.0,96.53,0 days 01:28:05.638000,0 days 01:28:05.648000,22.5,16.1,True
SAR,1.0,20.0,MEDIUM,20.0,96.116,0 days 01:28:06.990000,0 days 01:28:05.648000,22.5,16.1,True
MAG,1.0,20.0,MEDIUM,20.0,95.181,0 days 01:28:08.704000,0 days 01:28:05.648000,22.5,16.1,True
RIC,1.0,20.0,MEDIUM,20.0,97.33,0 days 01:28:13.965000,0 days 01:28:05.648000,22.5,16.1,True
BOT,1.0,20.0,MEDIUM,20.0,98.542,0 days 01:28:22.870000,0 days 01:28:05.648000,22.5,16.1,True
NOR,1.0,21.0,MEDIUM,21.0,91.513,0 days 01:29:17.303000,0 days 01:29:05.647000,22.3,15.9,True
PIA,1.0,21.0,MEDIUM,21.0,91.819,0 days 01:29:18.659000,0 days 01:29:05.647000,22.3,15.9,True
HAM,1.0,21.0,MEDIUM,21.0,92.156,0 days 01:29:19.397000,0 days 01:29:05.647000,22.3,15.9,True
RUS,1.0,21.0,MEDIUM,21.0,92.753,0 days 01:29:20.239000,0 days 01:29:05.647000,22.3,15.9,True
VER,1.0,21.0,MEDIUM,21.0,93.488,0 days 01:29:22.407000,0 days 01:29:05.647000,22.3,15.9,True
SAI,1.0,21.0,MEDIUM,21.0,93.507,0 days 01:29:23.503000,0 days 01:29:05.647000,22.3,15.9,True
HUL,1.0,21.0,MEDIUM,21.0,92.649,0 days 01:29:40.103000,0 days 01:30:05.664000,22.1,15.6,True
ALO,1.0,21.0,MEDIUM,21.0,92.999,0 days 01:29:40.749000,0 days 01:30:05.664000,22.1,15.6,True
STR,1.0,21.0,MEDIUM,21.0,93.291,0 days 01:29:41.247000,0 days 01:30:05.664000,22.1,15.6,True
TSU,1.0,21.0,MEDIUM,21.0,93.724,0 days 01:29:41.699000,0 days 01:30:05.664000,22.1,15.6,True
ALB,1.0,21.0,MEDIUM,21.0,93.646,0 days 01:29:42.168000,0 days 01:30:05.664000,22.1,15.6,True
SAR,1.0,21.0,MEDIUM,21.0,93.632,0 days 01:29:43.106000,0 days 01:30:05.664000,22.1,15.6,True
MAG,1.0,21.0,MEDIUM,21.0,93.484,0 days 01:29:43.885000,0 days 01:30:05.664000,22.1,15.6,True
RIC,1.0,21.0,MEDIUM,21.0,94.722,0 days 01:29:51.295000,0 days 01:30:05.664000,22.1,15.6,True
LEC,2.0,21.0,INTERMEDIATE,2.0,102.846,0 days 01:30:01.153000,0 days 01:30:05.664000,22.1,15.6,True
BOT,1.0,21.0,MEDIUM,21.0,95.235,0 days 01:30:01.412000,0 days 01:30:05.664000,22.1,15.6,True
PER,2.0,21.0,INTERMEDIATE,2.0,101.997,0 days 01:30:08.068000,0 days 01:30:05.664000,22.1,15.6,True
NOR,1.0,22.0,MEDIUM,22.0,90.86,0 days 01:30:48.816000,0 days 01:31:05.676000,22.1,15.4,True
PIA,1.0,22.0,MEDIUM,22.0,91.169,0 days 01:30:50.478000,0 days 01:31:05.676000,22.1,15.4,True
HAM,1.0,22.0,MEDIUM,22.0,91.095,0 days 01:30:51.553000,0 days 01:31:05.676000,22.1,15.4,True
RUS,1.0,22.0,MEDIUM,22.0,91.344,0 days 01:30:52.992000,0 days 01:31:05.676000,22.1,15.4,True
VER,1.0,22.0,MEDIUM,22.0,91.904,0 days 01:30:55.895000,0 days 01:31:05.676000,22.1,15.4,True
SAI,1.0,22.0,MEDIUM,22.0,92.157,0 days 01:30:57.010000,0 days 01:31:05.676000,22.1,15.4,True
ZHO,3.0,21.0,INTERMEDIATE,2.0,104.56,0 days 01:31:01.726000,0 days 01:31:05.676000,22.1,15.4,True
HUL,1.0,22.0,MEDIUM,22.0,92.233,0 days 01:31:12.752000,0 days 01:31:05.676000,22.1,15.4,True
ALO,1.0,22.0,MEDIUM,22.0,92.673,0 days 01:31:13.748000,0 days 01:31:05.676000,22.1,15.4,True
STR,1.0,22.0,MEDIUM,22.0,92.495,0 days 01:31:14.538000,0 days 01:31:05.676000,22.1,15.4,True
TSU,1.0,22.0,MEDIUM,22.0,92.681,0 days 01:31:15.423000,0 days 01:31:05.676000,22.1,15.4,True
ALB,1.0,22.0,MEDIUM,22.0,93.086,0 days 01:31:15.814000,0 days 01:31:05.676000,22.1,15.4,True
SAR,1.0,22.0,MEDIUM,22.0,92.826,0 days 01:31:16.738000,0 days 01:31:05.676000,22.1,15.4,True
MAG,1.0,22.0,MEDIUM,22.0,92.766,0 days 01:31:17.369000,0 days 01:31:05.676000,22.1,15.4,True
RIC,1.0,22.0,MEDIUM,22.0,93.015,0 days 01:31:26.017000,0 days 01:31:05.676000,22.1,15.4,True
BOT,1.0,22.0,MEDIUM,22.0,94.03,0 days 01:31:36.647000,0 days 01:32:05.714000,22.0,15.2,True
LEC,2.0,22.0,INTERMEDIATE,3.0,104.352,0 days 01:31:43.999000,0 days 01:32:05.714000,22.0,15.2,True
PER,2.0,22.0,INTERMEDIATE,3.0,104.936,0 days 01:31:50.065000,0 days 01:32:05.714000,22.0,15.2,True
NOR,1.0,23.0,MEDIUM,23.0,91.176,0 days 01:32:19.676000,0 days 01:32:05.714000,22.0,15.2,True
PIA,1.0,23.0,MEDIUM,23.0,90.976,0 days 01:32:21.647000,0 days 01:32:05.714000,22.0,15.2,True
HAM,1.0,23.0,MEDIUM,23.0,91.107,0 days 01:32:22.648000,0 days 01:32:05.714000,22.0,15.2,True
RUS,1.0,23.0,MEDIUM,23.0,91.497,0 days 01:32:24.336000,0 days 01:32:05.714000,22.0,15.2,True
VER,1.0,23.0,MEDIUM,23.0,92.143,0 days 01:32:27.799000,0 days 01:32:05.714000,22.0,15.2,True
SAI,1.0,23.0,MEDIUM,23.0,92.297,0 days 01:32:29.167000,0 days 01:32:05.714000,22.0,15.2,True
HUL,1.0,23.0,MEDIUM,23.0,92.612,0 days 01:32:44.985000,0 days 01:33:05.679000,22.0,15.2,True
ZHO,3.0,22.0,INTERMEDIATE,3.0,110.248,0 days 01:32:46.286000,0 days 01:33:05.679000,22.0,15.2,True
ALO,1.0,23.0,MEDIUM,23.0,92.593,0 days 01:32:46.421000,0 days 01:33:05.679000,22.0,15.2,True
STR,1.0,23.0,MEDIUM,23.0,93.062,0 days 01:32:47.033000,0 days 01:33:05.679000,22.0,15.2,True
TSU,1.0,23.0,MEDIUM,23.0,93.106,0 days 01:32:48.104000,0 days 01:33:05.679000,22.0,15.2,True
ALB,1.0,23.0,MEDIUM,23.0,92.891,0 days 01:32:48.900000,0 days 01:33:05.679000,22.0,15.2,True
SAR,1.0,23.0,MEDIUM,23.0,94.494,0 days 01:32:49.564000,0 days 01:33:05.679000,22.0,15.2,True
MAG,1.0,23.0,MEDIUM,23.0,93.278,0 days 01:32:50.135000,0 days 01:33:05.679000,22.0,15.2,True
RIC,1.0,23.0,MEDIUM,23.0,94.224,0 days 01:32:59.032000,0 days 01:33:05.679000,22.0,15.2,True
BOT,1.0,23.0,MEDIUM,23.0,94.076,0 days 01:33:10.677000,0 days 01:33:05.679000,22.0,15.2,True
LEC,2.0,23.0,INTERMEDIATE,4.0,106.593,0 days 01:33:28.351000,0 days 01:33:05.679000,22.0,15.2,True
PER,2.0,23.0,INTERMEDIATE,4.0,106.214,0 days 01:33:35.001000,0 days 01:33:05.679000,22.0,15.2,True
NOR,1.0,24.0,MEDIUM,24.0,91.629,0 days 01:33:50.852000,0 days 01:34:05.691000,21.9,15.1,True
PIA,1.0,24.0,MEDIUM,24.0,91.392,0 days 01:33:52.623000,0 days 01:34:05.691000,21.9,15.1,True
HAM,1.0,24.0,MEDIUM,24.0,91.635,0 days 01:33:53.755000,0 days 01:34:05.691000,21.9,15.1,True
RUS,1.0,24.0,MEDIUM,24.0,91.968,0 days 01:33:55.833000,0 days 01:34:05.691000,21.9,15.1,True
VER,1.0,24.0,MEDIUM,24.0,93.02,0 days 01:33:59.942000,0 days 01:34:05.691000,21.9,15.1,True
SAI,1.0,24.0,MEDIUM,24.0,92.734,0 days 01:34:01.464000,0 days 01:34:05.691000,21.9,15.1,True
OCO,3.0,23.0,MEDIUM,2.0,95.488,0 days 01:34:07.016000,0 days 01:34:05.691000,21.9,15.1,True
HUL,1.0,24.0,MEDIUM,24.0,93.352,0 days 01:34:17.597000,0 days 01:34:05.691000,21.9,15.1,True
ALO,1.0,24.0,MEDIUM,24.0,94.088,0 days 01:34:19.014000,0 days 01:34:05.691000,21.9,15.1,True
STR,1.0,24.0,MEDIUM,24.0,94.585,0 days 01:34:20.095000,0 days 01:34:05.691000,21.9,15.1,True
TSU,1.0,24.0,MEDIUM,24.0,94.106,0 days 01:34:21.210000,0 days 01:34:05.691000,21.9,15.1,True
ALB,1.0,24.0,MEDIUM,24.0,93.96,0 days 01:34:21.791000,0 days 01:34:05.691000,21.9,15.1,True
MAG,1.0,24.0,MEDIUM,24.0,93.625,0 days 01:34:23.413000,0 days 01:34:05.691000,21.9,15.1,True
SAR,1.0,24.0,MEDIUM,24.0,94.037,0 days 01:34:24.058000,0 days 01:34:05.691000,21.9,15.1,True
RIC,1.0,24.0,MEDIUM,24.0,96.483,0 days 01:34:33.256000,0 days 01:34:05.691000,21.9,15.1,True
ZHO,3.0,23.0,INTERMEDIATE,4.0,110.081,0 days 01:34:36.534000,0 days 01:35:05.725000,22.0,15.1,True
BOT,1.0,24.0,MEDIUM,24.0,97.35,0 days 01:34:44.753000,0 days 01:35:05.725000,22.0,15.1,True
LEC,2.0,24.0,INTERMEDIATE,5.0,111.732,0 days 01:35:14.944000,0 days 01:35:05.725000,22.0,15.1,True
PER,2.0,24.0,INTERMEDIATE,5.0,110.729,0 days 01:35:21.215000,0 days 01:35:05.725000,22.0,15.1,True
NOR,1.0,25.0,MEDIUM,25.0,94.307,0 days 01:35:22.481000,0 days 01:35:05.725000,22.0,15.1,True
PIA,1.0,25.0,MEDIUM,25.0,94.271,0 days 01:35:24.015000,0 days 01:35:05.725000,22.0,15.1,True
HAM,1.0,25.0,MEDIUM,25.0,94.988,0 days 01:35:25.390000,0 days 01:35:05.725000,22.0,15.1,True
RUS,1.0,25.0,MEDIUM,25.0,94.781,0 days 01:35:27.801000,0 days 01:35:05.725000,22.0,15.1,True
VER,1.0,25.0,MEDIUM,25.0,96.063,0 days 01:35:32.962000,0 days 01:35:05.725000,22.0,15.1,True
SAI,1.0,25.0,MEDIUM,25.0,95.143,0 days 01:35:34.198000,0 days 01:35:05.725000,22.0,15.1,True
OCO,3.0,24.0,MEDIUM,3.0,98.005,0 days 01:35:42.504000,0 days 01:36:05.700000,22.0,15.1,True
HUL,1.0,25.0,MEDIUM,25.0,95.918,0 days 01:35:50.949000,0 days 01:36:05.700000,22.0,15.1,True
ALO,1.0,25.0,MEDIUM,25.0,95.687,0 days 01:35:53.102000,0 days 01:36:05.700000,22.0,15.1,True
STR,1.0,25.0,MEDIUM,25.0,95.351,0 days 01:35:54.680000,0 days 01:36:05.700000,22.0,15.1,True
TSU,1.0,25.0,MEDIUM,25.0,95.473,0 days 01:35:55.316000,0 days 01:36:05.700000,22.0,15.1,True
ALB,1.0,25.0,MEDIUM,25.0,95.612,0 days 01:35:55.751000,0 days 01:36:05.700000,22.0,15.1,True
MAG,1.0,25.0,MEDIUM,25.0,95.15,0 days 01:35:57.038000,0 days 01:36:05.700000,22.0,15.1,True
SAR,1.0,25.0,MEDIUM,25.0,96.166,0 days 01:35:58.095000,0 days 01:36:05.700000,22.0,15.1,True
RIC,1.0,25.0,MEDIUM,25.0,98.725,0 days 01:36:09.739000,0 days 01:36:05.700000,22.0,15.1,True
BOT,1.0,25.0,MEDIUM,25.0,99.761,0 days 01:36:22.103000,0 days 01:36:05.700000,22.0,15.1,True
ZHO,3.0,24.0,INTERMEDIATE,5.0,108.867,0 days 01:36:26.615000,0 days 01:36:05.700000,22.0,15.1,True
NOR,1.0,26.0,MEDIUM,26.0,101.515,0 days 01:36:56.788000,0 days 01:37:05.735000,22.0,15.1,True
PIA,1.0,26.0,MEDIUM,26.0,100.622,0 days 01:36:58.286000,0 days 01:37:05.735000,22.0,15.1,True
HAM,1.0,26.0,MEDIUM,26.0,100.792,0 days 01:37:00.378000,0 days 01:37:05.735000,22.0,15.1,True
RUS,1.0,26.0,MEDIUM,26.0,99.949,0 days 01:37:02.582000,0 days 01:37:05.735000,22.0,15.1,True
LEC,2.0,25.0,INTERMEDIATE,6.0,109.301,0 days 01:37:06.676000,0 days 01:37:05.735000,22.0,15.1,True
PER,2.0,25.0,INTERMEDIATE,6.0,107.327,0 days 01:37:11.944000,0 days 01:37:05.735000,22.0,15.1,True
OCO,3.0,25.0,MEDIUM,4.0,107.432,0 days 01:37:20.509000,0 days 01:37:05.735000,22.0,15.1,True
ALO,1.0,26.0,MEDIUM,26.0,103.618,0 days 01:37:28.789000,0 days 01:37:05.735000,22.0,15.1,True
TSU,1.0,26.0,MEDIUM,26.0,103.26,0 days 01:37:30.789000,0 days 01:37:05.735000,22.0,15.1,True
ALB,1.0,26.0,MEDIUM,26.0,103.771,0 days 01:37:31.363000,0 days 01:37:05.735000,22.0,15.1,True
MAG,1.0,26.0,MEDIUM,26.0,105.466,0 days 01:37:32.188000,0 days 01:37:05.735000,22.0,15.1,True
SAR,1.0,26.0,MEDIUM,26.0,104.642,0 days 01:37:34.261000,0 days 01:37:05.735000,22.0,15.1,True
ZHO,3.0,25.0,INTERMEDIATE,6.0,108.245,0 days 01:38:15.482000,0 days 01:38:05.749000,21.5,15.1,True
PIA,1.0,27.0,MEDIUM,27.0,109.747,0 days 01:38:38.908000,0 days 01:39:05.756000,21.4,15.1,True
LEC,2.0,26.0,INTERMEDIATE,7.0,105.655,0 days 01:38:55.977000,0 days 01:39:05.756000,21.4,15.1,True
PER,2.0,26.0,INTERMEDIATE,7.0,105.736,0 days 01:38:59.271000,0 days 01:39:05.756000,21.4,15.1,True
VER,2.0,28.0,INTERMEDIATE,2.0,101.176,0 days 01:40:49.685000,0 days 01:41:05.769000,21.1,15.0,True
SAI,2.0,28.0,INTERMEDIATE,2.0,102.641,0 days 01:40:53.486000,0 days 01:41:05.769000,21.1,15.0,True
HUL,2.0,28.0,INTERMEDIATE,2.0,101.897,0 days 01:41:11.447000,0 days 01:41:05.769000,21.1,15.0,True
STR,2.0,28.0,INTERMEDIATE,2.0,102.187,0 days 01:41:12.426000,0 days 01:41:05.769000,21.1,15.0,True
RIC,2.0,28.0,INTERMEDIATE,2.0,103.338,0 days 01:41:36.065000,0 days 01:42:05.769000,21.0,15.0,True
BOT,2.0,28.0,INTERMEDIATE,2.0,102.562,0 days 01:41:56.764000,0 days 01:42:05.769000,21.0,15.0,True
NOR,2.0,29.0,INTERMEDIATE,2.0,100.266,0 days 01:42:24.024000,0 days 01:42:05.769000,21.0,15.0,True
HAM,2.0,29.0,INTERMEDIATE,2.0,100.42,0 days 01:42:27.219000,0 days 01:42:05.769000,21.0,15.0,True
VER,2.0,29.0,INTERMEDIATE,3.0,101.533,0 days 01:42:30.861000,0 days 01:42:05.769000,21.0,15.0,True
RUS,2.0,29.0,INTERMEDIATE,2.0,100.405,0 days 01:42:34.571000,0 days 01:42:05.769000,21.0,15.0,True
SAI,2.0,29.0,INTERMEDIATE,3.0,102.447,0 days 01:42:36.127000,0 days 01:43:05.794000,20.9,14.9,True
HUL,2.0,29.0,INTERMEDIATE,3.0,102.641,0 days 01:42:53.344000,0 days 01:43:05.794000,20.9,14.9,True
STR,2.0,29.0,INTERMEDIATE,3.0,102.992,0 days 01:42:54.613000,0 days 01:43:05.794000,20.9,14.9,True
ALO,2.0,29.0,INTERMEDIATE,2.0,103.072,0 days 01:43:05.347000,0 days 01:43:05.794000,20.9,14.9,True
TSU,2.0,29.0,INTERMEDIATE,2.0,103.749,0 days 01:43:05.623000,0 days 01:43:05.794000,20.9,14.9,True
OCO,4.0,28.0,INTERMEDIATE,2.0,101.716,0 days 01:43:09.387000,0 days 01:43:05.794000,20.9,14.9,True
ALB,2.0,29.0,INTERMEDIATE,2.0,101.726,0 days 01:43:11.347000,0 days 01:43:05.794000,20.9,14.9,True
MAG,2.0,29.0,INTERMEDIATE,2.0,102.842,0 days 01:43:14.278000,0 days 01:43:05.794000,20.9,14.9,True
SAR,2.0,29.0,INTERMEDIATE,2.0,102.215,0 days 01:43:17.130000,0 days 01:43:05.794000,20.9,14.9,True
RIC,2.0,29.0,INTERMEDIATE,3.0,103.377,0 days 01:43:19.403000,0 days 01:43:05.794000,20.9,14.9,True
BOT,2.0,29.0,INTERMEDIATE,3.0,103.302,0 days 01:43:39.326000,0 days 01:44:05.797000,20.7,14.9,True
ZHO,4.0,28.0,INTERMEDIATE,2.0,101.866,0 days 01:43:53.355000,0 days 01:44:05.797000,20.7,14.9,True
NOR,2.0,30.0,INTERMEDIATE,3.0,100.717,0 days 01:44:04.290000,0 days 01:44:05.797000,20.7,14.9,True
HAM,2.0,30.0,INTERMEDIATE,3.0,100.467,0 days 01:44:07.639000,0 days 01:44:05.797000,20.7,14.9,True
VER,2.0,30.0,INTERMEDIATE,4.0,102.098,0 days 01:44:12.394000,0 days 01:44:05.797000,20.7,14.9,True
RUS,2.0,30.0,INTERMEDIATE,3.0,101.237,0 days 01:44:14.976000,0 days 01:44:05.797000,20.7,14.9,True
SAI,2.0,30.0,INTERMEDIATE,4.0,102.737,0 days 01:44:18.574000,0 days 01:44:05.797000,20.7,14.9,True
PIA,2.0,30.0,INTERMEDIATE,2.0,100.492,0 days 01:44:22.815000,0 days 01:44:05.797000,20.7,14.9,True
LEC,3.0,29.0,INTERMEDIATE,2.0,101.602,0 days 01:44:30.682000,0 days 01:44:05.797000,20.7,14.9,True
HUL,2.0,30.0,INTERMEDIATE,4.0,102.811,0 days 01:44:35.985000,0 days 01:45:05.789000,20.7,14.9,True
STR,2.0,30.0,INTERMEDIATE,4.0,103.066,0 days 01:44:37.605000,0 days 01:45:05.789000,20.7,14.9,True
ALO,2.0,30.0,INTERMEDIATE,3.0,102.577,0 days 01:44:48.419000,0 days 01:45:05.789000,20.7,14.9,True
TSU,2.0,30.0,INTERMEDIATE,3.0,102.967,0 days 01:44:49.372000,0 days 01:45:05.789000,20.7,14.9,True
OCO,4.0,29.0,INTERMEDIATE,3.0,102.362,0 days 01:44:51.103000,0 days 01:45:05.789000,20.7,14.9,True
ALB,2.0,30.0,INTERMEDIATE,3.0,103.271,0 days 01:44:53.073000,0 days 01:45:05.789000,20.7,14.9,True
MAG,2.0,30.0,INTERMEDIATE,3.0,102.133,0 days 01:44:57.120000,0 days 01:45:05.789000,20.7,14.9,True
SAR,2.0,30.0,INTERMEDIATE,3.0,102.476,0 days 01:44:59.345000,0 days 01:45:05.789000,20.7,14.9,True
RIC,2.0,30.0,INTERMEDIATE,4.0,103.298,0 days 01:45:02.780000,0 days 01:45:05.789000,20.7,14.9,True
BOT,2.0,30.0,INTERMEDIATE,4.0,103.472,0 days 01:45:22.628000,0 days 01:45:05.789000,20.7,14.9,True
ZHO,4.0,29.0,INTERMEDIATE,3.0,101.993,0 days 01:45:35.221000,0 days 01:45:05.789000,20.7,14.9,True
NOR,2.0,31.0,INTERMEDIATE,4.0,101.313,0 days 01:45:45.007000,0 days 01:46:05.801000,20.7,14.8,True
HAM,2.0,31.0,INTERMEDIATE,4.0,101.538,0 days 01:45:48.106000,0 days 01:46:05.801000,20.7,14.8,True
VER,2.0,31.0,INTERMEDIATE,5.0,102.025,0 days 01:45:54.492000,0 days 01:46:05.801000,20.7,14.8,True
RUS,2.0,31.0,INTERMEDIATE,4.0,101.902,0 days 01:45:56.213000,0 days 01:46:05.801000,20.7,14.8,True
SAI,2.0,31.0,INTERMEDIATE,5.0,103.007,0 days 01:46:01.311000,0 days 01:46:05.801000,20.7,14.8,True
PIA,2.0,31.0,INTERMEDIATE,3.0,102.161,0 days 01:46:03.307000,0 days 01:46:05.801000,20.7,14.8,True
LEC,3.0,30.0,INTERMEDIATE,3.0,102.299,0 days 01:46:12.284000,0 days 01:46:05.801000,20.7,14.8,True
HUL,2.0,31.0,INTERMEDIATE,5.0,103.274,0 days 01:46:18.796000,0 days 01:46:05.801000,20.7,14.8,True
STR,2.0,31.0,INTERMEDIATE,5.0,103.714,0 days 01:46:20.671000,0 days 01:46:05.801000,20.7,14.8,True
PER,3.0,30.0,INTERMEDIATE,2.0,100.021,0 days 01:46:27.154000,0 days 01:46:05.801000,20.7,14.8,True
ALO,2.0,31.0,INTERMEDIATE,4.0,102.796,0 days 01:46:30.996000,0 days 01:46:05.801000,20.7,14.8,True
TSU,2.0,31.0,INTERMEDIATE,4.0,103.355,0 days 01:46:32.339000,0 days 01:46:05.801000,20.7,14.8,True
OCO,4.0,30.0,INTERMEDIATE,4.0,103.336,0 days 01:46:33.465000,0 days 01:46:05.801000,20.7,14.8,True
ALB,2.0,31.0,INTERMEDIATE,4.0,103.229,0 days 01:46:36.344000,0 days 01:47:05.794000,20.7,14.7,True
MAG,2.0,31.0,INTERMEDIATE,4.0,104.06,0 days 01:46:39.253000,0 days 01:47:05.794000,20.7,14.7,True
SAR,2.0,31.0,INTERMEDIATE,4.0,104.332,0 days 01:46:41.821000,0 days 01:47:05.794000,20.7,14.7,True
RIC,2.0,31.0,INTERMEDIATE,5.0,103.699,0 days 01:46:46.078000,0 days 01:47:05.794000,20.7,14.7,True
BOT,2.0,31.0,INTERMEDIATE,5.0,104.51,0 days 01:47:06.100000,0 days 01:47:05.794000,20.7,14.7,True
ZHO,4.0,30.0,INTERMEDIATE,4.0,103.157,0 days 01:47:17.214000,0 days 01:47:05.794000,20.7,14.7,True
NOR,2.0,32.0,INTERMEDIATE,5.0,102.216,0 days 01:47:26.320000,0 days 01:47:05.794000,20.7,14.7,True
HAM,2.0,32.0,INTERMEDIATE,5.0,102.475,0 days 01:47:29.644000,0 days 01:47:05.794000,20.7,14.7,True
VER,2.0,32.0,INTERMEDIATE,6.0,102.538,0 days 01:47:36.517000,0 days 01:48:05.796000,20.7,14.6,True
RUS,2.0,32.0,INTERMEDIATE,5.0,103.085,0 days 01:47:38.115000,0 days 01:48:05.796000,20.7,14.6,True
SAI,2.0,32.0,INTERMEDIATE,6.0,103.298,0 days 01:47:44.318000,0 days 01:48:05.796000,20.7,14.6,True
PIA,2.0,32.0,INTERMEDIATE,4.0,103.137,0 days 01:47:45.468000,0 days 01:48:05.796000,20.7,14.6,True
LEC,3.0,31.0,INTERMEDIATE,4.0,103.95,0 days 01:47:54.583000,0 days 01:48:05.796000,20.7,14.6,True
HUL,2.0,32.0,INTERMEDIATE,6.0,104.134,0 days 01:48:02.070000,0 days 01:48:05.796000,20.7,14.6,True
STR,2.0,32.0,INTERMEDIATE,6.0,104.545,0 days 01:48:04.385000,0 days 01:48:05.796000,20.7,14.6,True
PER,3.0,31.0,INTERMEDIATE,3.0,102.676,0 days 01:48:07.175000,0 days 01:48:05.796000,20.7,14.6,True
ALO,2.0,32.0,INTERMEDIATE,5.0,103.69,0 days 01:48:13.792000,0 days 01:48:05.796000,20.7,14.6,True
TSU,2.0,32.0,INTERMEDIATE,5.0,104.456,0 days 01:48:15.694000,0 days 01:48:05.796000,20.7,14.6,True
OCO,4.0,31.0,INTERMEDIATE,5.0,104.019,0 days 01:48:16.801000,0 days 01:48:05.796000,20.7,14.6,True
ALB,2.0,32.0,INTERMEDIATE,5.0,104.304,0 days 01:48:19.573000,0 days 01:48:05.796000,20.7,14.6,True
MAG,2.0,32.0,INTERMEDIATE,5.0,105.084,0 days 01:48:23.313000,0 days 01:48:05.796000,20.7,14.6,True
SAR,2.0,32.0,INTERMEDIATE,5.0,104.912,0 days 01:48:26.153000,0 days 01:48:05.796000,20.7,14.6,True
RIC,2.0,32.0,INTERMEDIATE,6.0,104.144,0 days 01:48:29.777000,0 days 01:48:05.796000,20.7,14.6,True
BOT,2.0,32.0,INTERMEDIATE,6.0,105.199,0 days 01:48:50.610000,0 days 01:49:05.813000,20.7,14.5,True
ZHO,4.0,31.0,INTERMEDIATE,5.0,104.316,0 days 01:49:00.371000,0 days 01:49:05.813000,20.7,14.5,True
NOR,2.0,33.0,INTERMEDIATE,6.0,102.607,0 days 01:49:08.536000,0 days 01:49:05.813000,20.7,14.5,True
HAM,2.0,33.0,INTERMEDIATE,6.0,102.435,0 days 01:49:12.119000,0 days 01:49:05.813000,20.7,14.5,True
VER,2.0,33.0,INTERMEDIATE,7.0,102.606,0 days 01:49:19.055000,0 days 01:49:05.813000,20.7,14.5,True
SAI,2.0,33.0,INTERMEDIATE,7.0,103.201,0 days 01:49:27.616000,0 days 01:49:05.813000,20.7,14.5,True
PIA,2.0,33.0,INTERMEDIATE,5.0,103.325,0 days 01:49:28.605000,0 days 01:49:05.813000,20.7,14.5,True
LEC,3.0,32.0,INTERMEDIATE,5.0,103.795,0 days 01:49:38.533000,0 days 01:50:05.843000,20.7,14.5,True
HUL,2.0,33.0,INTERMEDIATE,7.0,103.685,0 days 01:49:46.204000,0 days 01:50:05.843000,20.7,14.5,True
STR,2.0,33.0,INTERMEDIATE,7.0,104.213,0 days 01:49:48.930000,0 days 01:50:05.843000,20.7,14.5,True
PER,3.0,32.0,INTERMEDIATE,4.0,104.035,0 days 01:49:49.851000,0 days 01:50:05.843000,20.7,14.5,True
ALO,2.0,33.0,INTERMEDIATE,6.0,104.262,0 days 01:49:57.482000,0 days 01:50:05.843000,20.7,14.5,True
TSU,2.0,33.0,INTERMEDIATE,6.0,104.979,0 days 01:50:00.150000,0 days 01:50:05.843000,20.7,14.5,True
OCO,4.0,32.0,INTERMEDIATE,6.0,104.673,0 days 01:50:00.820000,0 days 01:50:05.843000,20.7,14.5,True
ALB,2.0,33.0,INTERMEDIATE,6.0,104.82,0 days 01:50:03.877000,0 days 01:50:05.843000,20.7,14.5,True
MAG,2.0,33.0,INTERMEDIATE,6.0,105.266,0 days 01:50:08.397000,0 days 01:50:05.843000,20.7,14.5,True
SAR,2.0,33.0,INTERMEDIATE,6.0,105.684,0 days 01:50:11.065000,0 days 01:50:05.843000,20.7,14.5,True
RIC,2.0,33.0,INTERMEDIATE,7.0,104.855,0 days 01:50:13.921000,0 days 01:50:05.843000,20.7,14.5,True
BOT,2.0,33.0,INTERMEDIATE,7.0,105.552,0 days 01:50:35.809000,0 days 01:50:05.843000,20.7,14.5,True
ZHO,4.0,32.0,INTERMEDIATE,6.0,105.029,0 days 01:50:44.687000,0 days 01:51:05.852000,21.0,14.6,True
NOR,2.0,34.0,INTERMEDIATE,7.0,103.078,0 days 01:50:51.143000,0 days 01:51:05.852000,21.0,14.6,True
HAM,2.0,34.0,INTERMEDIATE,7.0,102.757,0 days 01:50:54.554000,0 days 01:51:05.852000,21.0,14.6,True
VER,2.0,34.0,INTERMEDIATE,8.0,102.447,0 days 01:51:01.661000,0 days 01:51:05.852000,21.0,14.6,True
SAI,2.0,34.0,INTERMEDIATE,8.0,102.794,0 days 01:51:10.817000,0 days 01:51:05.852000,21.0,14.6,True
PIA,2.0,34.0,INTERMEDIATE,6.0,103.954,0 days 01:51:11.930000,0 days 01:51:05.852000,21.0,14.6,True
LEC,3.0,33.0,INTERMEDIATE,6.0,103.217,0 days 01:51:22.328000,0 days 01:51:05.852000,21.0,14.6,True
HUL,2.0,34.0,INTERMEDIATE,8.0,104.263,0 days 01:51:29.889000,0 days 01:51:05.852000,21.0,14.6,True
STR,2.0,34.0,INTERMEDIATE,8.0,104.171,0 days 01:51:33.143000,0 days 01:51:05.852000,21.0,14.6,True
PER,3.0,33.0,INTERMEDIATE,5.0,104.641,0 days 01:51:33.886000,0 days 01:51:05.852000,21.0,14.6,True
ALO,2.0,34.0,INTERMEDIATE,7.0,104.375,0 days 01:51:41.744000,0 days 01:52:05.865000,21.2,14.6,True
TSU,2.0,34.0,INTERMEDIATE,7.0,104.923,0 days 01:51:45.129000,0 days 01:52:05.865000,21.2,14.6,True
OCO,4.0,33.0,INTERMEDIATE,7.0,105.29,0 days 01:51:45.493000,0 days 01:52:05.865000,21.2,14.6,True
ALB,2.0,34.0,INTERMEDIATE,7.0,105.216,0 days 01:51:48.697000,0 days 01:52:05.865000,21.2,14.6,True
MAG,2.0,34.0,INTERMEDIATE,7.0,106.135,0 days 01:51:53.663000,0 days 01:52:05.865000,21.2,14.6,True
SAR,2.0,34.0,INTERMEDIATE,7.0,106.095,0 days 01:51:56.749000,0 days 01:52:05.865000,21.2,14.6,True
RIC,2.0,34.0,INTERMEDIATE,8.0,105.969,0 days 01:51:58.776000,0 days 01:52:05.865000,21.2,14.6,True
BOT,2.0,34.0,INTERMEDIATE,8.0,105.199,0 days 01:52:21.361000,0 days 01:52:05.865000,21.2,14.6,True
ZHO,4.0,33.0,INTERMEDIATE,7.0,105.412,0 days 01:52:29.716000,0 days 01:52:05.865000,21.2,14.6,True
NOR,2.0,35.0,INTERMEDIATE,8.0,102.935,0 days 01:52:34.221000,0 days 01:52:05.865000,21.2,14.6,True
HAM,2.0,35.0,INTERMEDIATE,8.0,102.271,0 days 01:52:37.311000,0 days 01:53:05.879000,21.3,14.6,True
VER,2.0,35.0,INTERMEDIATE,9.0,103.029,0 days 01:52:44.108000,0 days 01:53:05.879000,21.3,14.6,True
SAI,2.0,35.0,INTERMEDIATE,9.0,103.59,0 days 01:52:53.611000,0 days 01:53:05.879000,21.3,14.6,True
PIA,2.0,35.0,INTERMEDIATE,7.0,103.309,0 days 01:52:55.884000,0 days 01:53:05.879000,21.3,14.6,True
LEC,3.0,34.0,INTERMEDIATE,7.0,103.604,0 days 01:53:05.545000,0 days 01:53:05.879000,21.3,14.6,True
HUL,2.0,35.0,INTERMEDIATE,9.0,104.042,0 days 01:53:14.152000,0 days 01:53:05.879000,21.3,14.6,True
STR,2.0,35.0,INTERMEDIATE,9.0,104.422,0 days 01:53:17.314000,0 days 01:53:05.879000,21.3,14.6,True
PER,3.0,34.0,INTERMEDIATE,6.0,105.045,0 days 01:53:18.527000,0 days 01:53:05.879000,21.3,14.6,True
ALO,2.0,35.0,INTERMEDIATE,8.0,104.251,0 days 01:53:26.119000,0 days 01:53:05.879000,21.3,14.6,True
TSU,2.0,35.0,INTERMEDIATE,8.0,104.782,0 days 01:53:30.052000,0 days 01:53:05.879000,21.3,14.6,True
OCO,4.0,34.0,INTERMEDIATE,8.0,105.511,0 days 01:53:30.783000,0 days 01:53:05.879000,21.3,14.6,True
ALB,2.0,35.0,INTERMEDIATE,8.0,105.202,0 days 01:53:33.913000,0 days 01:53:05.879000,21.3,14.6,True
MAG,2.0,35.0,INTERMEDIATE,8.0,105.557,0 days 01:53:39.798000,0 days 01:54:05.886000,21.2,14.5,True
SAR,2.0,35.0,INTERMEDIATE,8.0,105.851,0 days 01:53:42.844000,0 days 01:54:05.886000,21.2,14.5,True
RIC,2.0,35.0,INTERMEDIATE,9.0,105.535,0 days 01:53:44.745000,0 days 01:54:05.886000,21.2,14.5,True
BOT,2.0,35.0,INTERMEDIATE,9.0,105.476,0 days 01:54:06.560000,0 days 01:54:05.886000,21.2,14.5,True
ZHO,4.0,34.0,INTERMEDIATE,8.0,108.01,0 days 01:54:15.128000,0 days 01:54:05.886000,21.2,14.5,True
NOR,2.0,36.0,INTERMEDIATE,9.0,102.34,0 days 01:54:17.156000,0 days 01:54:05.886000,21.2,14.5,True
HAM,2.0,36.0,INTERMEDIATE,9.0,101.924,0 days 01:54:19.582000,0 days 01:54:05.886000,21.2,14.5,True
VER,2.0,36.0,INTERMEDIATE,10.0,101.958,0 days 01:54:27.137000,0 days 01:54:05.886000,21.2,14.5,True
SAI,2.0,36.0,INTERMEDIATE,10.0,102.748,0 days 01:54:37.201000,0 days 01:55:05.885000,21.2,14.6,True
PIA,2.0,36.0,INTERMEDIATE,8.0,102.52,0 days 01:54:39.193000,0 days 01:55:05.885000,21.2,14.6,True
LEC,3.0,35.0,INTERMEDIATE,8.0,102.415,0 days 01:54:49.149000,0 days 01:55:05.885000,21.2,14.6,True
HUL,2.0,36.0,INTERMEDIATE,10.0,103.044,0 days 01:54:58.194000,0 days 01:55:05.885000,21.2,14.6,True
STR,2.0,36.0,INTERMEDIATE,10.0,103.0,0 days 01:55:01.736000,0 days 01:55:05.885000,21.2,14.6,True
PER,3.0,35.0,INTERMEDIATE,7.0,103.534,0 days 01:55:03.572000,0 days 01:55:05.885000,21.2,14.6,True
ALO,2.0,36.0,INTERMEDIATE,9.0,102.513,0 days 01:55:10.370000,0 days 01:55:05.885000,21.2,14.6,True
TSU,2.0,36.0,INTERMEDIATE,9.0,102.726,0 days 01:55:14.834000,0 days 01:55:05.885000,21.2,14.6,True
OCO,4.0,35.0,INTERMEDIATE,9.0,102.995,0 days 01:55:16.294000,0 days 01:55:05.885000,21.2,14.6,True
ALB,2.0,36.0,INTERMEDIATE,9.0,103.075,0 days 01:55:19.115000,0 days 01:55:05.885000,21.2,14.6,True
MAG,2.0,36.0,INTERMEDIATE,9.0,103.611,0 days 01:55:25.355000,0 days 01:55:05.885000,21.2,14.6,True
SAR,2.0,36.0,INTERMEDIATE,9.0,103.365,0 days 01:55:28.695000,0 days 01:55:05.885000,21.2,14.6,True
RIC,2.0,36.0,INTERMEDIATE,10.0,103.213,0 days 01:55:30.280000,0 days 01:55:05.885000,21.2,14.6,True
BOT,2.0,36.0,INTERMEDIATE,10.0,102.968,0 days 01:55:52.036000,0 days 01:56:05.895000,21.4,14.5,True
NOR,2.0,37.0,INTERMEDIATE,10.0,99.786,0 days 01:55:59.496000,0 days 01:56:05.895000,21.4,14.5,True
HAM,2.0,37.0,INTERMEDIATE,10.0,99.711,0 days 01:56:01.506000,0 days 01:56:05.895000,21.4,14.5,True
ZHO,4.0,35.0,INTERMEDIATE,9.0,102.569,0 days 01:56:03.138000,0 days 01:56:05.895000,21.4,14.5,True
VER,2.0,37.0,INTERMEDIATE,11.0,98.869,0 days 01:56:09.095000,0 days 01:56:05.895000,21.4,14.5,True
SAI,2.0,37.0,INTERMEDIATE,11.0,100.432,0 days 01:56:19.949000,0 days 01:56:05.895000,21.4,14.5,True
PIA,2.0,37.0,INTERMEDIATE,9.0,99.635,0 days 01:56:21.713000,0 days 01:56:05.895000,21.4,14.5,True
LEC,3.0,36.0,INTERMEDIATE,9.0,100.091,0 days 01:56:31.564000,0 days 01:56:05.895000,21.4,14.5,True
HUL,2.0,37.0,INTERMEDIATE,11.0,100.657,0 days 01:56:41.238000,0 days 01:57:05.895000,22.5,14.6,True
STR,2.0,37.0,INTERMEDIATE,11.0,100.825,0 days 01:56:44.736000,0 days 01:57:05.895000,22.5,14.6,True
PER,3.0,36.0,INTERMEDIATE,8.0,101.845,0 days 01:56:47.106000,0 days 01:57:05.895000,22.5,14.6,True
ALO,2.0,37.0,INTERMEDIATE,10.0,100.747,0 days 01:56:52.883000,0 days 01:57:05.895000,22.5,14.6,True
TSU,2.0,37.0,INTERMEDIATE,10.0,101.098,0 days 01:56:57.560000,0 days 01:57:05.895000,22.5,14.6,True
OCO,4.0,36.0,INTERMEDIATE,10.0,101.215,0 days 01:56:59.289000,0 days 01:57:05.895000,22.5,14.6,True
ALB,2.0,37.0,INTERMEDIATE,10.0,100.273,0 days 01:57:02.190000,0 days 01:57:05.895000,22.5,14.6,True
SAR,2.0,37.0,INTERMEDIATE,10.0,102.207,0 days 01:57:12.060000,0 days 01:57:05.895000,22.5,14.6,True
NOR,2.0,38.0,INTERMEDIATE,11.0,97.999,0 days 01:57:39.282000,0 days 01:58:05.907000,23.8,14.6,True
ZHO,4.0,36.0,INTERMEDIATE,10.0,102.823,0 days 01:57:45.707000,0 days 01:58:05.907000,23.8,14.6,True
SAI,2.0,38.0,INTERMEDIATE,12.0,98.37,0 days 01:58:00.381000,0 days 01:58:05.907000,23.8,14.6,True
HUL,2.0,38.0,INTERMEDIATE,12.0,98.854,0 days 01:58:21.895000,0 days 01:58:05.907000,23.8,14.6,True
STR,2.0,38.0,INTERMEDIATE,12.0,99.373,0 days 01:58:25.561000,0 days 01:58:05.907000,23.8,14.6,True
OCO,4.0,37.0,INTERMEDIATE,11.0,102.235,0 days 01:58:40.504000,0 days 01:59:05.921000,24.2,14.6,True
MAG,3.0,39.0,SOFT,2.0,93.212,0 days 02:00:54.935000,0 days 02:01:05.920000,24.6,14.8,False
RIC,3.0,39.0,SOFT,2.0,93.138,0 days 02:00:57.304000,0 days 02:01:05.920000,24.6,14.8,False
HAM,3.0,40.0,SOFT,3.0,90.318,0 days 02:01:15.826000,0 days 02:01:05.920000,24.6,14.8,False
BOT,3.0,39.0,SOFT,2.0,97.114,0 days 02:01:21.619000,0 days 02:01:05.920000,24.6,14.8,False
VER,3.0,40.0,HARD,2.0,90.056,0 days 02:01:22.238000,0 days 02:01:05.920000,24.6,14.8,False
PIA,3.0,40.0,MEDIUM,2.0,89.913,0 days 02:01:33.112000,0 days 02:01:05.920000,24.6,14.8,False
LEC,4.0,39.0,SOFT,2.0,91.481,0 days 02:01:47.823000,0 days 02:02:05.931000,24.4,15.1,False
PER,4.0,39.0,MEDIUM,2.0,92.722,0 days 02:02:08.819000,0 days 02:02:05.931000,24.4,15.1,False
ALO,3.0,40.0,MEDIUM,2.0,91.146,0 days 02:02:11.548000,0 days 02:02:05.931000,24.4,15.1,False
TSU,3.0,40.0,SOFT,2.0,92.318,0 days 02:02:15.965000,0 days 02:02:05.931000,24.4,15.1,False
ALB,3.0,40.0,MEDIUM,2.0,90.889,0 days 02:02:17.984000,0 days 02:02:05.931000,24.4,15.1,False
MAG,3.0,40.0,SOFT,3.0,92.071,0 days 02:02:28.147000,0 days 02:02:05.931000,24.4,15.1,False
SAR,3.0,40.0,SOFT,2.0,91.353,0 days 02:02:29.334000,0 days 02:02:05.931000,24.4,15.1,False
RIC,3.0,40.0,SOFT,3.0,92.428,0 days 02:02:30.442000,0 days 02:02:05.931000,24.4,15.1,False
HAM,3.0,41.0,SOFT,4.0,90.118,0 days 02:02:46.144000,0 days 02:03:05.959000,24.2,15.2,False
NOR,3.0,41.0,SOFT,4.0,89.733,0 days 02:02:48.867000,0 days 02:03:05.959000,24.2,15.2,False
VER,3.0,41.0,HARD,3.0,89.604,0 days 02:02:52.294000,0 days 02:03:05.959000,24.2,15.2,False
BOT,3.0,40.0,SOFT,3.0,92.973,0 days 02:02:58.733000,0 days 02:03:05.959000,24.2,15.2,False
PIA,3.0,41.0,MEDIUM,3.0,89.574,0 days 02:03:03.025000,0 days 02:03:05.959000,24.2,15.2,False
SAI,3.0,41.0,HARD,2.0,90.475,0 days 02:03:12.306000,0 days 02:03:05.959000,24.2,15.2,False
ZHO,5.0,39.0,SOFT,3.0,92.696,0 days 02:03:16.867000,0 days 02:03:05.959000,24.2,15.2,False
LEC,4.0,40.0,SOFT,3.0,90.878,0 days 02:03:19.304000,0 days 02:03:05.959000,24.2,15.2,False
HUL,3.0,41.0,SOFT,5.0,91.097,0 days 02:03:33.653000,0 days 02:03:05.959000,24.2,15.2,False
STR,3.0,41.0,MEDIUM,2.0,90.098,0 days 02:03:38.725000,0 days 02:04:05.950000,24.2,15.3,False
PER,4.0,40.0,MEDIUM,3.0,93.219,0 days 02:03:41.541000,0 days 02:04:05.950000,24.2,15.3,False
ALO,3.0,41.0,MEDIUM,3.0,90.594,0 days 02:03:42.694000,0 days 02:04:05.950000,24.2,15.3,False
TSU,3.0,41.0,SOFT,3.0,90.812,0 days 02:03:48.283000,0 days 02:04:05.950000,24.2,15.3,False
ALB,3.0,41.0,MEDIUM,3.0,90.715,0 days 02:03:48.873000,0 days 02:04:05.950000,24.2,15.3,False
MAG,3.0,41.0,SOFT,4.0,90.61,0 days 02:04:00.218000,0 days 02:04:05.950000,24.2,15.3,False
SAR,3.0,41.0,SOFT,3.0,90.875,0 days 02:04:00.687000,0 days 02:04:05.950000,24.2,15.3,False
OCO,5.0,40.0,MEDIUM,2.0,92.838,0 days 02:04:02.309000,0 days 02:04:05.950000,24.2,15.3,False
RIC,3.0,41.0,SOFT,4.0,91.289,0 days 02:04:02.870000,0 days 02:04:05.950000,24.2,15.3,False
HAM,3.0,42.0,SOFT,5.0,89.617,0 days 02:04:16.262000,0 days 02:04:05.950000,24.2,15.3,False
NOR,3.0,42.0,SOFT,5.0,90.006,0 days 02:04:18.600000,0 days 02:04:05.950000,24.2,15.3,False
VER,3.0,42.0,HARD,4.0,89.472,0 days 02:04:21.898000,0 days 02:04:05.950000,24.2,15.3,False
BOT,3.0,41.0,SOFT,4.0,93.344,0 days 02:04:31.706000,0 days 02:04:05.950000,24.2,15.3,False
PIA,3.0,42.0,MEDIUM,4.0,89.581,0 days 02:04:32.599000,0 days 02:04:05.950000,24.2,15.3,False
SAI,3.0,42.0,HARD,3.0,89.872,0 days 02:04:42.781000,0 days 02:05:05.955000,24.7,15.3,False
ZHO,5.0,40.0,SOFT,4.0,93.17,0 days 02:04:49.563000,0 days 02:05:05.955000,24.7,15.3,False
LEC,4.0,41.0,SOFT,4.0,90.035,0 days 02:04:50.182000,0 days 02:05:05.955000,24.7,15.3,False
HUL,3.0,42.0,SOFT,6.0,90.701,0 days 02:05:04.750000,0 days 02:05:05.955000,24.7,15.3,False
STR,3.0,42.0,MEDIUM,3.0,90.161,0 days 02:05:08.823000,0 days 02:05:05.955000,24.7,15.3,False
ALO,3.0,42.0,MEDIUM,4.0,90.167,0 days 02:05:13.288000,0 days 02:05:05.955000,24.7,15.3,False
PER,4.0,41.0,MEDIUM,4.0,90.689,0 days 02:05:14.760000,0 days 02:05:05.955000,24.7,15.3,False
TSU,3.0,42.0,SOFT,4.0,90.319,0 days 02:05:19.095000,0 days 02:05:05.955000,24.7,15.3,False
ALB,3.0,42.0,MEDIUM,4.0,90.458,0 days 02:05:19.588000,0 days 02:05:05.955000,24.7,15.3,False
MAG,3.0,42.0,SOFT,5.0,90.093,0 days 02:05:30.828000,0 days 02:05:05.955000,24.7,15.3,False
SAR,3.0,42.0,SOFT,4.0,89.972,0 days 02:05:31.562000,0 days 02:05:05.955000,24.7,15.3,False
RIC,3.0,42.0,SOFT,5.0,90.765,0 days 02:05:34.159000,0 days 02:05:05.955000,24.7,15.3,False
OCO,5.0,41.0,MEDIUM,3.0,91.114,0 days 02:05:35.147000,0 days 02:05:05.955000,24.7,15.3,False
HAM,3.0,43.0,SOFT,6.0,89.793,0 days 02:05:45.879000,0 days 02:06:05.968000,25.0,15.2,False
NOR,3.0,43.0,SOFT,6.0,89.262,0 days 02:05:48.606000,0 days 02:06:05.968000,25.0,15.2,False
VER,3.0,43.0,HARD,5.0,89.105,0 days 02:05:51.370000,0 days 02:06:05.968000,25.0,15.2,False
PIA,3.0,43.0,MEDIUM,5.0,89.286,0 days 02:06:02.180000,0 days 02:06:05.968000,25.0,15.2,False
BOT,3.0,42.0,SOFT,5.0,92.348,0 days 02:06:05.050000,0 days 02:06:05.968000,25.0,15.2,False
SAI,3.0,43.0,HARD,4.0,89.872,0 days 02:06:12.653000,0 days 02:06:05.968000,25.0,15.2,False
LEC,4.0,42.0,SOFT,5.0,89.832,0 days 02:06:20.217000,0 days 02:06:05.968000,25.0,15.2,False
ZHO,5.0,41.0,SOFT,5.0,91.151,0 days 02:06:22.733000,0 days 02:06:05.968000,25.0,15.2,False
HUL,3.0,43.0,SOFT,7.0,89.836,0 days 02:06:35.451000,0 days 02:06:05.968000,25.0,15.2,False
STR,3.0,43.0,MEDIUM,4.0,90.196,0 days 02:06:38.984000,0 days 02:07:06.012000,24.9,15.3,False
ALO,3.0,43.0,MEDIUM,5.0,90.098,0 days 02:06:43.455000,0 days 02:07:06.012000,24.9,15.3,False
PER,4.0,42.0,MEDIUM,5.0,90.542,0 days 02:06:45.449000,0 days 02:07:06.012000,24.9,15.3,False
TSU,3.0,43.0,SOFT,5.0,90.229,0 days 02:06:49.414000,0 days 02:07:06.012000,24.9,15.3,False
ALB,3.0,43.0,MEDIUM,5.0,90.126,0 days 02:06:50.046000,0 days 02:07:06.012000,24.9,15.3,False
MAG,3.0,43.0,SOFT,6.0,90.454,0 days 02:07:00.921000,0 days 02:07:06.012000,24.9,15.3,False
SAR,3.0,43.0,SOFT,5.0,90.162,0 days 02:07:01.534000,0 days 02:07:06.012000,24.9,15.3,False
RIC,3.0,43.0,SOFT,6.0,91.198,0 days 02:07:04.924000,0 days 02:07:06.012000,24.9,15.3,False
OCO,5.0,42.0,MEDIUM,4.0,91.187,0 days 02:07:06.261000,0 days 02:07:06.012000,24.9,15.3,False
HAM,3.0,44.0,SOFT,7.0,89.697,0 days 02:07:15.672000,0 days 02:07:06.012000,24.9,15.3,False
NOR,3.0,44.0,SOFT,7.0,89.752,0 days 02:07:17.868000,0 days 02:07:06.012000,24.9,15.3,False
VER,3.0,44.0,HARD,6.0,89.372,0 days 02:07:20.475000,0 days 02:07:06.012000,24.9,15.3,False
PIA,3.0,44.0,MEDIUM,6.0,89.221,0 days 02:07:31.466000,0 days 02:07:06.012000,24.9,15.3,False
BOT,3.0,43.0,SOFT,6.0,91.732,0 days 02:07:37.398000,0 days 02:08:06,24.5,15.4,True
SAI,3.0,44.0,HARD,5.0,89.739,0 days 02:07:42.525000,0 days 02:08:06,24.5,15.4,True
LEC,4.0,43.0,SOFT,6.0,89.748,0 days 02:07:50.049000,0 days 02:08:06,24.5,15.4,True
ZHO,5.0,42.0,SOFT,6.0,91.121,0 days 02:07:53.884000,0 days 02:08:06,24.5,15.4,True
HUL,3.0,44.0,SOFT,8.0,90.392,0 days 02:08:05.287000,0 days 02:08:06,24.5,15.4,True
STR,3.0,44.0,MEDIUM,5.0,90.03,0 days 02:08:09.180000,0 days 02:08:06,24.5,15.4,True
ALO,3.0,44.0,MEDIUM,6.0,89.93,0 days 02:08:13.553000,0 days 02:08:06,24.5,15.4,True
PER,4.0,43.0,MEDIUM,6.0,90.229,0 days 02:08:15.991000,0 days 02:08:06,24.5,15.4,True
TSU,3.0,44.0,SOFT,6.0,90.882,0 days 02:08:19.643000,0 days 02:08:06,24.5,15.4,True
ALB,3.0,44.0,MEDIUM,6.0,90.74,0 days 02:08:20.172000,0 days 02:08:06,24.5,15.4,True
MAG,3.0,44.0,SOFT,7.0,91.342,0 days 02:08:31.375000,0 days 02:08:06,24.5,15.4,True
SAR,3.0,44.0,SOFT,6.0,90.003,0 days 02:08:31.696000,0 days 02:08:06,24.5,15.4,True
RIC,3.0,44.0,SOFT,7.0,91.08,0 days 02:08:36.122000,0 days 02:09:06.012000,24.5,15.4,True
OCO,5.0,43.0,MEDIUM,5.0,91.084,0 days 02:08:37.448000,0 days 02:09:06.012000,24.5,15.4,True
HAM,3.0,45.0,SOFT,8.0,89.438,0 days 02:08:45.369000,0 days 02:09:06.012000,24.5,15.4,True
NOR,3.0,45.0,SOFT,8.0,89.635,0 days 02:08:47.620000,0 days 02:09:06.012000,24.5,15.4,True
VER,3.0,45.0,HARD,7.0,89.137,0 days 02:08:49.847000,0 days 02:09:06.012000,24.5,15.4,True
PIA,3.0,45.0,MEDIUM,7.0,89.222,0 days 02:09:00.687000,0 days 02:09:06.012000,24.5,15.4,True
BOT,3.0,44.0,SOFT,7.0,91.277,0 days 02:09:09.130000,0 days 02:09:06.012000,24.5,15.4,True
SAI,3.0,45.0,HARD,6.0,89.589,0 days 02:09:12.264000,0 days 02:09:06.012000,24.5,15.4,True
LEC,4.0,44.0,SOFT,7.0,89.933,0 days 02:09:19.797000,0 days 02:09:06.012000,24.5,15.4,True
ZHO,5.0,43.0,SOFT,7.0,91.014,0 days 02:09:25.005000,0 days 02:09:06.012000,24.5,15.4,True
HUL,3.0,45.0,SOFT,9.0,90.048,0 days 02:09:35.679000,0 days 02:09:06.012000,24.5,15.4,True
STR,3.0,45.0,MEDIUM,6.0,90.025,0 days 02:09:39.210000,0 days 02:10:06.020000,25.0,15.5,False
ALO,3.0,45.0,MEDIUM,7.0,89.871,0 days 02:09:43.483000,0 days 02:10:06.020000,25.0,15.5,False
PER,4.0,44.0,MEDIUM,7.0,90.518,0 days 02:09:46.220000,0 days 02:10:06.020000,25.0,15.5,False
TSU,3.0,45.0,SOFT,7.0,91.438,0 days 02:09:50.525000,0 days 02:10:06.020000,25.0,15.5,False
ALB,3.0,45.0,MEDIUM,7.0,90.406,0 days 02:09:50.912000,0 days 02:10:06.020000,25.0,15.5,False
SAR,3.0,45.0,SOFT,7.0,90.613,0 days 02:10:01.699000,0 days 02:10:06.020000,25.0,15.5,False
MAG,3.0,45.0,SOFT,8.0,91.722,0 days 02:10:02.717000,0 days 02:10:06.020000,25.0,15.5,False
RIC,3.0,45.0,SOFT,8.0,90.955,0 days 02:10:07.202000,0 days 02:10:06.020000,25.0,15.5,False
OCO,5.0,44.0,MEDIUM,6.0,90.928,0 days 02:10:08.532000,0 days 02:10:06.020000,25.0,15.5,False
HAM,3.0,46.0,SOFT,9.0,89.641,0 days 02:10:14.807000,0 days 02:10:06.020000,25.0,15.5,False
NOR,3.0,46.0,SOFT,9.0,89.96,0 days 02:10:17.255000,0 days 02:10:06.020000,25.0,15.5,False
VER,3.0,46.0,HARD,8.0,89.543,0 days 02:10:18.984000,0 days 02:10:06.020000,25.0,15.5,False
PIA,3.0,46.0,MEDIUM,8.0,89.233,0 days 02:10:29.909000,0 days 02:10:06.020000,25.0,15.5,False
BOT,3.0,45.0,SOFT,8.0,93.159,0 days 02:10:40.407000,0 days 02:11:06.021000,25.0,15.5,False
SAI,3.0,46.0,HARD,7.0,89.588,0 days 02:10:41.853000,0 days 02:11:06.021000,25.0,15.5,False
LEC,4.0,45.0,SOFT,8.0,89.911,0 days 02:10:49.730000,0 days 02:11:06.021000,25.0,15.5,False
ZHO,5.0,44.0,SOFT,8.0,91.378,0 days 02:10:56.019000,0 days 02:11:06.021000,25.0,15.5,False
HUL,3.0,46.0,SOFT,10.0,90.185,0 days 02:11:05.727000,0 days 02:11:06.021000,25.0,15.5,False
STR,3.0,46.0,MEDIUM,7.0,89.897,0 days 02:11:09.235000,0 days 02:11:06.021000,25.0,15.5,False
ALO,3.0,46.0,MEDIUM,8.0,89.753,0 days 02:11:13.354000,0 days 02:11:06.021000,25.0,15.5,False
PER,4.0,45.0,MEDIUM,8.0,90.565,0 days 02:11:16.738000,0 days 02:11:06.021000,25.0,15.5,False
ALB,3.0,46.0,MEDIUM,8.0,90.234,0 days 02:11:21.318000,0 days 02:11:06.021000,25.0,15.5,False
TSU,3.0,46.0,SOFT,8.0,91.688,0 days 02:11:21.963000,0 days 02:11:06.021000,25.0,15.5,False
SAR,3.0,46.0,SOFT,8.0,90.826,0 days 02:11:32.312000,0 days 02:11:06.021000,25.0,15.5,False
MAG,3.0,46.0,SOFT,9.0,91.131,0 days 02:11:34.439000,0 days 02:11:06.021000,25.0,15.5,False
RIC,3.0,46.0,SOFT,9.0,90.849,0 days 02:11:38.157000,0 days 02:12:06.001000,24.9,15.6,False
OCO,5.0,45.0,MEDIUM,7.0,90.952,0 days 02:11:39.460000,0 days 02:12:06.001000,24.9,15.6,False
HAM,3.0,47.0,SOFT,10.0,89.538,0 days 02:11:44.448000,0 days 02:12:06.001000,24.9,15.6,False
NOR,3.0,47.0,SOFT,10.0,89.838,0 days 02:11:47.215000,0 days 02:12:06.001000,24.9,15.6,False
VER,3.0,47.0,HARD,9.0,89.411,0 days 02:11:48.527000,0 days 02:12:06.001000,24.9,15.6,False
PIA,3.0,47.0,MEDIUM,9.0,89.049,0 days 02:11:59.142000,0 days 02:12:06.001000,24.9,15.6,False
SAI,3.0,47.0,HARD,8.0,89.553,0 days 02:12:11.441000,0 days 02:12:06.001000,24.9,15.6,False
BOT,3.0,46.0,SOFT,9.0,91.396,0 days 02:12:13.566000,0 days 02:12:06.001000,24.9,15.6,False
LEC,4.0,46.0,SOFT,9.0,90.051,0 days 02:12:19.641000,0 days 02:12:06.001000,24.9,15.6,False
ZHO,5.0,45.0,SOFT,9.0,91.36,0 days 02:12:27.397000,0 days 02:12:06.001000,24.9,15.6,False
HUL,3.0,47.0,SOFT,11.0,89.864,0 days 02:12:35.912000,0 days 02:12:06.001000,24.9,15.6,False
STR,3.0,47.0,MEDIUM,8.0,89.925,0 days 02:12:39.132000,0 days 02:13:06.026000,24.9,15.6,False
ALO,3.0,47.0,MEDIUM,9.0,89.71,0 days 02:12:43.107000,0 days 02:13:06.026000,24.9,15.6,False
PER,4.0,46.0,MEDIUM,9.0,90.136,0 days 02:12:47.303000,0 days 02:13:06.026000,24.9,15.6,False
ALB,3.0,47.0,MEDIUM,9.0,90.148,0 days 02:12:51.552000,0 days 02:13:06.026000,24.9,15.6,False
TSU,3.0,47.0,SOFT,9.0,90.982,0 days 02:12:53.651000,0 days 02:13:06.026000,24.9,15.6,False
SAR,3.0,47.0,SOFT,9.0,91.25,0 days 02:13:03.138000,0 days 02:13:06.026000,24.9,15.6,False
MAG,3.0,47.0,SOFT,10.0,91.036,0 days 02:13:05.570000,0 days 02:13:06.026000,24.9,15.6,False
RIC,3.0,47.0,SOFT,10.0,90.735,0 days 02:13:09.006000,0 days 02:13:06.026000,24.9,15.6,False
OCO,5.0,46.0,MEDIUM,8.0,90.875,0 days 02:13:10.412000,0 days 02:13:06.026000,24.9,15.6,False
HAM,3.0,48.0,SOFT,11.0,89.579,0 days 02:13:13.986000,0 days 02:13:06.026000,24.9,15.6,False
NOR,3.0,48.0,SOFT,11.0,90.556,0 days 02:13:17.053000,0 days 02:13:06.026000,24.9,15.6,False
VER,3.0,48.0,HARD,10.0,88.952,0 days 02:13:17.938000,0 days 02:13:06.026000,24.9,15.6,False
PIA,3.0,48.0,MEDIUM,10.0,89.124,0 days 02:13:28.191000,0 days 02:13:06.026000,24.9,15.6,False
SAI,3.0,48.0,HARD,9.0,89.415,0 days 02:13:40.994000,0 days 02:14:06.052000,25.2,15.7,False
BOT,3.0,47.0,SOFT,10.0,91.431,0 days 02:13:44.962000,0 days 02:14:06.052000,25.2,15.7,False
LEC,4.0,47.0,SOFT,10.0,90.289,0 days 02:13:49.692000,0 days 02:14:06.052000,25.2,15.7,False
ZHO,5.0,46.0,SOFT,10.0,91.43,0 days 02:13:58.757000,0 days 02:14:06.052000,25.2,15.7,False
HUL,3.0,48.0,SOFT,12.0,90.365,0 days 02:14:05.776000,0 days 02:14:06.052000,25.2,15.7,False
STR,3.0,48.0,MEDIUM,9.0,90.237,0 days 02:14:09.057000,0 days 02:14:06.052000,25.2,15.7,False
ALO,3.0,48.0,MEDIUM,10.0,90.114,0 days 02:14:12.817000,0 days 02:14:06.052000,25.2,15.7,False
ALB,3.0,48.0,MEDIUM,10.0,90.068,0 days 02:14:21.700000,0 days 02:14:06.052000,25.2,15.7,False
TSU,3.0,48.0,SOFT,10.0,91.367,0 days 02:14:24.633000,0 days 02:14:06.052000,25.2,15.7,False
SAR,3.0,48.0,SOFT,10.0,91.201,0 days 02:14:34.388000,0 days 02:14:06.052000,25.2,15.7,False
MAG,3.0,48.0,SOFT,11.0,90.953,0 days 02:14:36.606000,0 days 02:15:06.055000,25.2,15.7,False
RIC,3.0,48.0,SOFT,11.0,91.109,0 days 02:14:39.741000,0 days 02:15:06.055000,25.2,15.7,False
OCO,5.0,47.0,MEDIUM,9.0,93.599,0 days 02:14:41.287000,0 days 02:15:06.055000,25.2,15.7,False
HAM,3.0,49.0,SOFT,12.0,89.667,0 days 02:14:43.565000,0 days 02:15:06.055000,25.2,15.7,False
VER,3.0,49.0,HARD,11.0,89.56,0 days 02:14:46.890000,0 days 02:15:06.055000,25.2,15.7,False
NOR,3.0,49.0,SOFT,12.0,90.515,0 days 02:14:47.609000,0 days 02:15:06.055000,25.2,15.7,False
PIA,3.0,49.0,MEDIUM,11.0,89.283,0 days 02:14:57.315000,0 days 02:15:06.055000,25.2,15.7,False
SAI,3.0,49.0,HARD,10.0,89.439,0 days 02:15:10.409000,0 days 02:15:06.055000,25.2,15.7,False
BOT,3.0,48.0,SOFT,11.0,92.006,0 days 02:15:16.393000,0 days 02:15:06.055000,25.2,15.7,False
LEC,4.0,48.0,SOFT,11.0,90.204,0 days 02:15:19.981000,0 days 02:15:06.055000,25.2,15.7,False
ZHO,5.0,47.0,SOFT,11.0,91.283,0 days 02:15:30.187000,0 days 02:15:06.055000,25.2,15.7,False
HUL,3.0,49.0,SOFT,13.0,90.371,0 days 02:15:36.141000,0 days 02:16:06.076000,25.2,15.8,False
STR,3.0,49.0,MEDIUM,10.0,89.969,0 days 02:15:39.294000,0 days 02:16:06.076000,25.2,15.8,False
ALO,3.0,49.0,MEDIUM,11.0,90.7,0 days 02:15:42.931000,0 days 02:16:06.076000,25.2,15.8,False
ALB,3.0,49.0,MEDIUM,11.0,89.96,0 days 02:15:51.768000,0 days 02:16:06.076000,25.2,15.8,False
TSU,3.0,49.0,SOFT,11.0,91.08,0 days 02:15:56,0 days 02:16:06.076000,25.2,15.8,False
SAR,3.0,49.0,SOFT,11.0,91.175,0 days 02:16:05.589000,0 days 02:16:06.076000,25.2,15.8,False
MAG,3.0,49.0,SOFT,12.0,90.803,0 days 02:16:07.559000,0 days 02:16:06.076000,25.2,15.8,False
RIC,3.0,49.0,SOFT,12.0,92.926,0 days 02:16:10.850000,0 days 02:16:06.076000,25.2,15.8,False
HAM,3.0,50.0,SOFT,13.0,89.682,0 days 02:16:13.232000,0 days 02:16:06.076000,25.2,15.8,False
OCO,5.0,48.0,MEDIUM,10.0,95.931,0 days 02:16:14.886000,0 days 02:16:06.076000,25.2,15.8,False
VER,3.0,50.0,HARD,12.0,89.286,0 days 02:16:16.450000,0 days 02:16:06.076000,25.2,15.8,False
NOR,3.0,50.0,SOFT,13.0,90.544,0 days 02:16:18.124000,0 days 02:16:06.076000,25.2,15.8,False
PIA,3.0,50.0,MEDIUM,12.0,89.958,0 days 02:16:26.598000,0 days 02:16:06.076000,25.2,15.8,False
BOT,3.0,49.0,SOFT,12.0,91.688,0 days 02:16:48.399000,0 days 02:17:06.085000,25.4,15.8,False
LEC,4.0,49.0,SOFT,12.0,90.929,0 days 02:16:50.185000,0 days 02:17:06.085000,25.4,15.8,False
ZHO,5.0,48.0,SOFT,12.0,91.556,0 days 02:17:01.470000,0 days 02:17:06.085000,25.4,15.8,False
HUL,3.0,50.0,SOFT,14.0,90.47,0 days 02:17:06.512000,0 days 02:17:06.085000,25.4,15.8,False
STR,3.0,50.0,MEDIUM,11.0,90.03,0 days 02:17:09.263000,0 days 02:17:06.085000,25.4,15.8,False
ALO,3.0,50.0,MEDIUM,12.0,90.727,0 days 02:17:13.631000,0 days 02:17:06.085000,25.4,15.8,False
ALB,3.0,50.0,MEDIUM,12.0,89.828,0 days 02:17:21.728000,0 days 02:17:06.085000,25.4,15.8,False
TSU,3.0,50.0,SOFT,12.0,91.407,0 days 02:17:27.080000,0 days 02:17:06.085000,25.4,15.8,False
SAR,3.0,50.0,SOFT,12.0,91.249,0 days 02:17:36.764000,0 days 02:18:06.090000,25.5,15.9,False
MAG,3.0,50.0,SOFT,13.0,91.143,0 days 02:17:38.362000,0 days 02:18:06.090000,25.5,15.9,False
HAM,3.0,51.0,SOFT,14.0,89.743,0 days 02:17:42.914000,0 days 02:18:06.090000,25.5,15.9,False
RIC,3.0,50.0,SOFT,13.0,94.15,0 days 02:17:43.776000,0 days 02:18:06.090000,25.5,15.9,False
VER,3.0,51.0,HARD,13.0,89.443,0 days 02:17:45.736000,0 days 02:18:06.090000,25.5,15.9,False
NOR,3.0,51.0,SOFT,14.0,90.769,0 days 02:17:48.668000,0 days 02:18:06.090000,25.5,15.9,False
OCO,5.0,49.0,MEDIUM,11.0,91.06,0 days 02:17:50.817000,0 days 02:18:06.090000,25.5,15.9,False
PER,5.0,49.0,SOFT,2.0,97.36,0 days 02:17:53.741000,0 days 02:18:06.090000,25.5,15.9,False
PIA,3.0,51.0,MEDIUM,13.0,88.748,0 days 02:17:56.556000,0 days 02:18:06.090000,25.5,15.9,False
BOT,3.0,50.0,SOFT,13.0,92.32,0 days 02:18:20.087000,0 days 02:18:06.090000,25.5,15.9,False
LEC,4.0,50.0,SOFT,13.0,90.488,0 days 02:18:21.114000,0 days 02:18:06.090000,25.5,15.9,False
ZHO,5.0,49.0,SOFT,13.0,92.504,0 days 02:18:33.026000,0 days 02:18:06.090000,25.5,15.9,False
HUL,3.0,51.0,SOFT,15.0,90.696,0 days 02:18:36.982000,0 days 02:19:06.105000,25.3,15.9,False
STR,3.0,51.0,MEDIUM,12.0,90.026,0 days 02:18:39.293000,0 days 02:19:06.105000,25.3,15.9,False
ALO,3.0,51.0,MEDIUM,13.0,90.592,0 days 02:18:44.358000,0 days 02:19:06.105000,25.3,15.9,False
ALB,3.0,51.0,MEDIUM,13.0,89.916,0 days 02:18:51.556000,0 days 02:19:06.105000,25.3,15.9,False
TSU,3.0,51.0,SOFT,13.0,91.529,0 days 02:18:58.487000,0 days 02:19:06.105000,25.3,15.9,False
SAR,3.0,51.0,SOFT,13.0,91.662,0 days 02:19:08.013000,0 days 02:19:06.105000,25.3,15.9,False
MAG,3.0,51.0,SOFT,14.0,91.469,0 days 02:19:09.505000,0 days 02:19:06.105000,25.3,15.9,False
HAM,3.0,52.0,SOFT,15.0,90.146,0 days 02:19:12.657000,0 days 02:19:06.105000,25.3,15.9,False
VER,3.0,52.0,HARD,14.0,89.089,0 days 02:19:15.179000,0 days 02:19:06.105000,25.3,15.9,False
RIC,3.0,51.0,SOFT,14.0,94.814,0 days 02:19:17.926000,0 days 02:19:06.105000,25.3,15.9,False
NOR,3.0,52.0,SOFT,15.0,90.913,0 days 02:19:19.437000,0 days 02:19:06.105000,25.3,15.9,False
OCO,5.0,50.0,MEDIUM,12.0,91.608,0 days 02:19:21.877000,0 days 02:19:06.105000,25.3,15.9,False
PIA,3.0,52.0,MEDIUM,14.0,89.928,0 days 02:19:25.304000,0 days 02:19:06.105000,25.3,15.9,False
PER,5.0,50.0,SOFT,3.0,89.707,0 days 02:19:31.101000,0 days 02:19:06.105000,25.3,15.9,False
LEC,4.0,51.0,SOFT,14.0,91.674,0 days 02:19:51.602000,0 days 02:20:06.092000,25.2,15.8,False
BOT,3.0,51.0,SOFT,14.0,92.217,0 days 02:19:52.407000,0 days 02:20:06.092000,25.2,15.8,False
SAI,4.0,52.0,SOFT,5.0,88.293,0 days 02:20:01.828000,0 days 02:20:06.092000,25.2,15.8,False
ZHO,5.0,50.0,SOFT,14.0,91.749,0 days 02:20:05.530000,0 days 02:20:06.092000,25.2,15.8,False
HUL,3.0,52.0,SOFT,16.0,90.847,0 days 02:20:07.678000,0 days 02:20:06.092000,25.2,15.8,False
STR,3.0,52.0,MEDIUM,13.0,90.053,0 days 02:20:09.319000,0 days 02:20:06.092000,25.2,15.8,False
ALO,3.0,52.0,MEDIUM,14.0,91.43,0 days 02:20:14.950000,0 days 02:20:06.092000,25.2,15.8,False
ALB,3.0,52.0,MEDIUM,14.0,89.718,0 days 02:20:21.472000,0 days 02:20:06.092000,25.2,15.8,False
TSU,3.0,52.0,SOFT,14.0,92.09,0 days 02:20:30.016000,0 days 02:20:06.092000,25.2,15.8,False
SAR,3.0,52.0,SOFT,14.0,92.088,0 days 02:20:39.675000,0 days 02:21:06.135000,24.9,15.8,False
MAG,3.0,52.0,SOFT,15.0,91.982,0 days 02:20:40.974000,0 days 02:21:06.135000,24.9,15.8,False
